id,embedding_row
train_00000,0
train_00001,1
train_00002,2
train_00003,3
train_00004,4
train_00005,5
train_00006,6
train_00007,7
train_00008,8
train_00009,9
train_00010,10
train_00011,11
train_00012,12
train_00013,13
train_00014,14
train_00015,15
train_00016,16
train_00017,17
train_00018,18
train_00019,19
train_00020,20
train_00021,21
train_00022,22
train_00023,23
train_00024,24
train_00025,25
train_00026,26
train_00027,27
train_00028,28
train_00029,29
train_00030,30
train_00031,31
train_00032,32
train_00033,33
train_00034,34
train_00035,35
train_00036,36
train_00037,37
train_00038,38
train_00039,39
train_00040,40
train_00041,41
train_00042,42
train_00043,43
train_00044,44
train_00045,45
train_00046,46
train_00047,47
train_00048,48
train_00049,49
train_00050,50
train_00051,51
train_00052,52
train_00053,53
train_00054,54
train_00055,55
train_00056,56
train_00057,57
train_00058,58
train_00059,59
train_00060,60
train_00061,61
train_00062,62
train_00063,63
train_00064,64
train_00065,65
train_00066,66
train_00067,67
train_00068,68
train_00069,69
train_00070,70
train_00071,71
train_00072,72
train_00073,73
train_00074,74
train_00075,75
train_00076,76
train_00077,77
train_00078,78
train_00079,79
train_00080,80
train_00081,81
train_00082,82
train_00083,83
train_00084,84
train_00085,85
train_00086,86
train_00087,87
train_00088,88
train_00089,89
train_00090,90
train_00091,91
train_00092,92
train_00093,93
train_00094,94
train_00095,95
train_00096,96
train_00097,97
train_00098,98
train_00099,99
train_00100,100
train_00101,101
train_00102,102
train_00103,103
train_00104,104
train_00105,105
train_00106,106
train_00107,107
train_00108,108
train_00109,109
train_00110,110
train_00111,111
train_00112,112
train_00113,113
train_00114,114
train_00115,115
train_00116,116
train_00117,117
train_00118,118
train_00119,119
train_00120,120
train_00121,121
train_00122,122
train_00123,123
train_00124,124
train_00125,125
train_00126,126
train_00127,127
train_00128,128
train_00129,129
train_00130,130
train_00131,131
train_00132,132
train_00133,133
train_00134,134
train_00135,135
train_00136,136
train_00137,137
train_00138,138
train_00139,139
train_00140,140
train_00141,141
train_00142,142
train_00143,143
train_00144,144
train_00145,145
train_00146,146
train_00147,147
train_00148,148
train_00149,149
train_00150,150
train_00151,151
train_00152,152
train_00153,153
train_00154,154
train_00155,155
train_00156,156
train_00157,157
train_00158,158
train_00159,159
train_00160,160
train_00161,161
train_00162,162
train_00163,163
train_00164,164
train_00165,165
train_00166,166
train_00167,167
train_00168,168
train_00169,169
train_00170,170
train_00171,171
train_00172,172
train_00173,173
train_00174,174
train_00175,175
train_00176,176
train_00177,177
train_00178,178
train_00179,179
train_00180,180
train_00181,181
train_00182,182
train_00183,183
train_00184,184
train_00185,185
train_00186,186
train_00187,187
train_00188,188
train_00189,189
train_00190,190
train_00191,191
train_00192,192
train_00193,193
train_00194,194
train_00195,195
train_00196,196
train_00197,197
train_00198,198
train_00199,199
train_00200,200
train_00201,201
train_00202,202
train_00203,203
train_00204,204
train_00205,205
train_00206,206
train_00207,207
train_00208,208
train_00209,209
train_00210,210
train_00211,211
train_00212,212
train_00213,213
train_00214,214
train_00215,215
train_00216,216
train_00217,217
train_00218,218
train_00219,219
train_00220,220
train_00221,221
train_00222,222
train_00223,223
train_00224,224
train_00225,225
train_00226,226
train_00227,227
train_00228,228
train_00229,229
train_00230,230
train_00231,231
train_00232,232
train_00233,233
train_00234,234
train_00235,235
train_00236,236
train_00237,237
train_00238,238
train_00239,239
train_00240,240
train_00241,241
train_00242,242
train_00243,243
train_00244,244
train_00245,245
train_00246,246
train_00247,247
train_00248,248
train_00249,249
train_00250,250
train_00251,251
train_00252,252
train_00253,253
train_00254,254
train_00255,255
train_00256,256
train_00257,257
train_00258,258
train_00259,259
train_00260,260
train_00261,261
train_00262,262
train_00263,263
train_00264,264
train_00265,265
train_00266,266
train_00267,267
train_00268,268
train_00269,269
train_00270,270
train_00271,271
train_00272,272
train_00273,273
train_00274,274
train_00275,275
train_00276,276
train_00277,277
train_00278,278
train_00279,279
train_00280,280
train_00281,281
train_00282,282
train_00283,283
train_00284,284
train_00285,285
train_00286,286
train_00287,287
train_00288,288
train_00289,289
train_00290,290
train_00291,291
train_00292,292
train_00293,293
train_00294,294
train_00295,295
train_00296,296
train_00297,297
train_00298,298
train_00299,299
train_00300,300
train_00301,301
train_00302,302
train_00303,303
train_00304,304
train_00305,305
train_00306,306
train_00307,307
train_00308,308
train_00309,309
train_00310,310
train_00311,311
train_00312,312
train_00313,313
train_00314,314
train_00315,315
train_00316,316
train_00317,317
train_00318,318
train_00319,319
train_00320,320
train_00321,321
train_00322,322
train_00323,323
train_00324,324
train_00325,325
train_00326,326
train_00327,327
train_00328,328
train_00329,329
train_00330,330
train_00331,331
train_00332,332
train_00333,333
train_00334,334
train_00335,335
train_00336,336
train_00337,337
train_00338,338
train_00339,339
train_00340,340
train_00341,341
train_00342,342
train_00343,343
train_00344,344
train_00345,345
train_00346,346
train_00347,347
train_00348,348
train_00349,349
train_00350,350
train_00351,351
train_00352,352
train_00353,353
train_00354,354
train_00355,355
train_00356,356
train_00357,357
train_00358,358
train_00359,359
train_00360,360
train_00361,361
train_00362,362
train_00363,363
train_00364,364
train_00365,365
train_00366,366
train_00367,367
train_00368,368
train_00369,369
train_00370,370
train_00371,371
train_00372,372
train_00373,373
train_00374,374
train_00375,375
train_00376,376
train_00377,377
train_00378,378
train_00379,379
train_00380,380
train_00381,381
train_00382,382
train_00383,383
train_00384,384
train_00385,385
train_00386,386
train_00387,387
train_00388,388
train_00389,389
train_00390,390
train_00391,391
train_00392,392
train_00393,393
train_00394,394
train_00395,395
train_00396,396
train_00397,397
train_00398,398
train_00399,399
train_00400,400
train_00401,401
train_00402,402
train_00403,403
train_00404,404
train_00405,405
train_00406,406
train_00407,407
train_00408,408
train_00409,409
train_00410,410
train_00411,411
train_00412,412
train_00413,413
train_00414,414
train_00415,415
train_00416,416
train_00417,417
train_00418,418
train_00419,419
train_00420,420
train_00421,421
train_00422,422
train_00423,423
train_00424,424
train_00425,425
train_00426,426
train_00427,427
train_00428,428
train_00429,429
train_00430,430
train_00431,431
train_00432,432
train_00433,433
train_00434,434
train_00435,435
train_00436,436
train_00437,437
train_00438,438
train_00439,439
train_00440,440
train_00441,441
train_00442,442
train_00443,443
train_00444,444
train_00445,445
train_00446,446
train_00447,447
train_00448,448
train_00449,449
train_00450,450
train_00451,451
train_00452,452
train_00453,453
train_00454,454
train_00455,455
train_00456,456
train_00457,457
train_00458,458
train_00459,459
train_00460,460
train_00461,461
train_00462,462
train_00463,463
train_00464,464
train_00465,465
train_00466,466
train_00467,467
train_00468,468
train_00469,469
train_00470,470
train_00471,471
train_00472,472
train_00473,473
train_00474,474
train_00475,475
train_00476,476
train_00477,477
train_00478,478
train_00479,479
train_00480,480
train_00481,481
train_00482,482
train_00483,483
train_00484,484
train_00485,485
train_00486,486
train_00487,487
train_00488,488
train_00489,489
train_00490,490
train_00491,491
train_00492,492
train_00493,493
train_00494,494
train_00495,495
train_00496,496
train_00497,497
train_00498,498
train_00499,499
train_00500,500
train_00501,501
train_00502,502
train_00503,503
train_00504,504
train_00505,505
train_00506,506
train_00507,507
train_00508,508
train_00509,509
train_00510,510
train_00511,511
train_00512,512
train_00513,513
train_00514,514
train_00515,515
train_00516,516
train_00517,517
train_00518,518
train_00519,519
train_00520,520
train_00521,521
train_00522,522
train_00523,523
train_00524,524
train_00525,525
train_00526,526
train_00527,527
train_00528,528
train_00529,529
train_00530,530
train_00531,531
train_00532,532
train_00533,533
train_00534,534
train_00535,535
train_00536,536
train_00537,537
train_00538,538
train_00539,539
train_00540,540
train_00541,541
train_00542,542
train_00543,543
train_00544,544
train_00545,545
train_00546,546
train_00547,547
train_00548,548
train_00549,549
train_00550,550
train_00551,551
train_00552,552
train_00553,553
train_00554,554
train_00555,555
train_00556,556
train_00557,557
train_00558,558
train_00559,559
train_00560,560
train_00561,561
train_00562,562
train_00563,563
train_00564,564
train_00565,565
train_00566,566
train_00567,567
train_00568,568
train_00569,569
train_00570,570
train_00571,571
train_00572,572
train_00573,573
train_00574,574
train_00575,575
train_00576,576
train_00577,577
train_00578,578
train_00579,579
train_00580,580
train_00581,581
train_00582,582
train_00583,583
train_00584,584
train_00585,585
train_00586,586
train_00587,587
train_00588,588
train_00589,589
train_00590,590
train_00591,591
train_00592,592
train_00593,593
train_00594,594
train_00595,595
train_00596,596
train_00597,597
train_00598,598
train_00599,599
train_00600,600
train_00601,601
train_00602,602
train_00603,603
train_00604,604
train_00605,605
train_00606,606
train_00607,607
train_00608,608
train_00609,609
train_00610,610
train_00611,611
train_00612,612
train_00613,613
train_00614,614
train_00615,615
train_00616,616
train_00617,617
train_00618,618
train_00619,619
train_00620,620
train_00621,621
train_00622,622
train_00623,623
train_00624,624
train_00625,625
train_00626,626
train_00627,627
train_00628,628
train_00629,629
train_00630,630
train_00631,631
train_00632,632
train_00633,633
train_00634,634
train_00635,635
train_00636,636
train_00637,637
train_00638,638
train_00639,639
train_00640,640
train_00641,641
train_00642,642
train_00643,643
train_00644,644
train_00645,645
train_00646,646
train_00647,647
train_00648,648
train_00649,649
train_00650,650
train_00651,651
train_00652,652
train_00653,653
train_00654,654
train_00655,655
train_00656,656
train_00657,657
train_00658,658
train_00659,659
train_00660,660
train_00661,661
train_00662,662
train_00663,663
train_00664,664
train_00665,665
train_00666,666
train_00667,667
train_00668,668
train_00669,669
train_00670,670
train_00671,671
train_00672,672
train_00673,673
train_00674,674
train_00675,675
train_00676,676
train_00677,677
train_00678,678
train_00679,679
train_00680,680
train_00681,681
train_00682,682
train_00683,683
train_00684,684
train_00685,685
train_00686,686
train_00687,687
train_00688,688
train_00689,689
train_00690,690
train_00691,691
train_00692,692
train_00693,693
train_00694,694
train_00695,695
train_00696,696
train_00697,697
train_00698,698
train_00699,699
train_00700,700
train_00701,701
train_00702,702
train_00703,703
train_00704,704
train_00705,705
train_00706,706
train_00707,707
train_00708,708
train_00709,709
train_00710,710
train_00711,711
train_00712,712
train_00713,713
train_00714,714
train_00715,715
train_00716,716
train_00717,717
train_00718,718
train_00719,719
train_00720,720
train_00721,721
train_00722,722
train_00723,723
train_00724,724
train_00725,725
train_00726,726
train_00727,727
train_00728,728
train_00729,729
train_00730,730
train_00731,731
train_00732,732
train_00733,733
train_00734,734
train_00735,735
train_00736,736
train_00737,737
train_00738,738
train_00739,739
train_00740,740
train_00741,741
train_00742,742
train_00743,743
train_00744,744
train_00745,745
train_00746,746
train_00747,747
train_00748,748
train_00749,749
train_00750,750
train_00751,751
train_00752,752
train_00753,753
train_00754,754
train_00755,755
train_00756,756
train_00757,757
train_00758,758
train_00759,759
train_00760,760
train_00761,761
train_00762,762
train_00763,763
train_00764,764
train_00765,765
train_00766,766
train_00767,767
train_00768,768
train_00769,769
train_00770,770
train_00771,771
train_00772,772
train_00773,773
train_00774,774
train_00775,775
train_00776,776
train_00777,777
train_00778,778
train_00779,779
train_00780,780
train_00781,781
train_00782,782
train_00783,783
train_00784,784
train_00785,785
train_00786,786
train_00787,787
train_00788,788
train_00789,789
train_00790,790
train_00791,791
train_00792,792
train_00793,793
train_00794,794
train_00795,795
train_00796,796
train_00797,797
train_00798,798
train_00799,799
train_00800,800
train_00801,801
train_00802,802
train_00803,803
train_00804,804
train_00805,805
train_00806,806
train_00807,807
train_00808,808
train_00809,809
train_00810,810
train_00811,811
train_00812,812
train_00813,813
train_00814,814
train_00815,815
train_00816,816
train_00817,817
train_00818,818
train_00819,819
train_00820,820
train_00821,821
train_00822,822
train_00823,823
train_00824,824
train_00825,825
train_00826,826
train_00827,827
train_00828,828
train_00829,829
train_00830,830
train_00831,831
train_00832,832
train_00833,833
train_00834,834
train_00835,835
train_00836,836
train_00837,837
train_00838,838
train_00839,839
train_00840,840
train_00841,841
train_00842,842
train_00843,843
train_00844,844
train_00845,845
train_00846,846
train_00847,847
train_00848,848
train_00849,849
train_00850,850
train_00851,851
train_00852,852
train_00853,853
train_00854,854
train_00855,855
train_00856,856
train_00857,857
train_00858,858
train_00859,859
train_00860,860
train_00861,861
train_00862,862
train_00863,863
train_00864,864
train_00865,865
train_00866,866
train_00867,867
train_00868,868
train_00869,869
train_00870,870
train_00871,871
train_00872,872
train_00873,873
train_00874,874
train_00875,875
train_00876,876
train_00877,877
train_00878,878
train_00879,879
train_00880,880
train_00881,881
train_00882,882
train_00883,883
train_00884,884
train_00885,885
train_00886,886
train_00887,887
train_00888,888
train_00889,889
train_00890,890
train_00891,891
train_00892,892
train_00893,893
train_00894,894
train_00895,895
train_00896,896
train_00897,897
train_00898,898
train_00899,899
train_00900,900
train_00901,901
train_00902,902
train_00903,903
train_00904,904
train_00905,905
train_00906,906
train_00907,907
train_00908,908
train_00909,909
train_00910,910
train_00911,911
train_00912,912
train_00913,913
train_00914,914
train_00915,915
train_00916,916
train_00917,917
train_00918,918
train_00919,919
train_00920,920
train_00921,921
train_00922,922
train_00923,923
train_00924,924
train_00925,925
train_00926,926
train_00927,927
train_00928,928
train_00929,929
train_00930,930
train_00931,931
train_00932,932
train_00933,933
train_00934,934
train_00935,935
train_00936,936
train_00937,937
train_00938,938
train_00939,939
train_00940,940
train_00941,941
train_00942,942
train_00943,943
train_00944,944
train_00945,945
train_00946,946
train_00947,947
train_00948,948
train_00949,949
train_00950,950
train_00951,951
train_00952,952
train_00953,953
train_00954,954
train_00955,955
train_00956,956
train_00957,957
train_00958,958
train_00959,959
train_00960,960
train_00961,961
train_00962,962
train_00963,963
train_00964,964
train_00965,965
train_00966,966
train_00967,967
train_00968,968
train_00969,969
train_00970,970
train_00971,971
train_00972,972
train_00973,973
train_00974,974
train_00975,975
train_00976,976
train_00977,977
train_00978,978
train_00979,979
train_00980,980
train_00981,981
train_00982,982
train_00983,983
train_00984,984
train_00985,985
train_00986,986
train_00987,987
train_00988,988
train_00989,989
train_00990,990
train_00991,991
train_00992,992
train_00993,993
train_00994,994
train_00995,995
train_00996,996
train_00997,997
train_00998,998
train_00999,999
train_01000,1000
train_01001,1001
train_01002,1002
train_01003,1003
train_01004,1004
train_01005,1005
train_01006,1006
train_01007,1007
train_01008,1008
train_01009,1009
train_01010,1010
train_01011,1011
train_01012,1012
train_01013,1013
train_01014,1014
train_01015,1015
train_01016,1016
train_01017,1017
train_01018,1018
train_01019,1019
train_01020,1020
train_01021,1021
train_01022,1022
train_01023,1023
train_01024,1024
train_01025,1025
train_01026,1026
train_01027,1027
train_01028,1028
train_01029,1029
train_01030,1030
train_01031,1031
train_01032,1032
train_01033,1033
train_01034,1034
train_01035,1035
train_01036,1036
train_01037,1037
train_01038,1038
train_01039,1039
train_01040,1040
train_01041,1041
train_01042,1042
train_01043,1043
train_01044,1044
train_01045,1045
train_01046,1046
train_01047,1047
train_01048,1048
train_01049,1049
train_01050,1050
train_01051,1051
train_01052,1052
train_01053,1053
train_01054,1054
train_01055,1055
train_01056,1056
train_01057,1057
train_01058,1058
train_01059,1059
train_01060,1060
train_01061,1061
train_01062,1062
train_01063,1063
train_01064,1064
train_01065,1065
train_01066,1066
train_01067,1067
train_01068,1068
train_01069,1069
train_01070,1070
train_01071,1071
train_01072,1072
train_01073,1073
train_01074,1074
train_01075,1075
train_01076,1076
train_01077,1077
train_01078,1078
train_01079,1079
train_01080,1080
train_01081,1081
train_01082,1082
train_01083,1083
train_01084,1084
train_01085,1085
train_01086,1086
train_01087,1087
train_01088,1088
train_01089,1089
train_01090,1090
train_01091,1091
train_01092,1092
train_01093,1093
train_01094,1094
train_01095,1095
train_01096,1096
train_01097,1097
train_01098,1098
train_01099,1099
train_01100,1100
train_01101,1101
train_01102,1102
train_01103,1103
train_01104,1104
train_01105,1105
train_01106,1106
train_01107,1107
train_01108,1108
train_01109,1109
train_01110,1110
train_01111,1111
train_01112,1112
train_01113,1113
train_01114,1114
train_01115,1115
train_01116,1116
train_01117,1117
train_01118,1118
train_01119,1119
train_01120,1120
train_01121,1121
train_01122,1122
train_01123,1123
train_01124,1124
train_01125,1125
train_01126,1126
train_01127,1127
train_01128,1128
train_01129,1129
train_01130,1130
train_01131,1131
train_01132,1132
train_01133,1133
train_01134,1134
train_01135,1135
train_01136,1136
train_01137,1137
train_01138,1138
train_01139,1139
train_01140,1140
train_01141,1141
train_01142,1142
train_01143,1143
train_01144,1144
train_01145,1145
train_01146,1146
train_01147,1147
train_01148,1148
train_01149,1149
train_01150,1150
train_01151,1151
train_01152,1152
train_01153,1153
train_01154,1154
train_01155,1155
train_01156,1156
train_01157,1157
train_01158,1158
train_01159,1159
train_01160,1160
train_01161,1161
train_01162,1162
train_01163,1163
train_01164,1164
train_01165,1165
train_01166,1166
train_01167,1167
train_01168,1168
train_01169,1169
train_01170,1170
train_01171,1171
train_01172,1172
train_01173,1173
train_01174,1174
train_01175,1175
train_01176,1176
train_01177,1177
train_01178,1178
train_01179,1179
train_01180,1180
train_01181,1181
train_01182,1182
train_01183,1183
train_01184,1184
train_01185,1185
train_01186,1186
train_01187,1187
train_01188,1188
train_01189,1189
train_01190,1190
train_01191,1191
train_01192,1192
train_01193,1193
train_01194,1194
train_01195,1195
train_01196,1196
train_01197,1197
train_01198,1198
train_01199,1199
train_01200,1200
train_01201,1201
train_01202,1202
train_01203,1203
train_01204,1204
train_01205,1205
train_01206,1206
train_01207,1207
train_01208,1208
train_01209,1209
train_01210,1210
train_01211,1211
train_01212,1212
train_01213,1213
train_01214,1214
train_01215,1215
train_01216,1216
train_01217,1217
train_01218,1218
train_01219,1219
train_01220,1220
train_01221,1221
train_01222,1222
train_01223,1223
train_01224,1224
train_01225,1225
train_01226,1226
train_01227,1227
train_01228,1228
train_01229,1229
train_01230,1230
train_01231,1231
train_01232,1232
train_01233,1233
train_01234,1234
train_01235,1235
train_01236,1236
train_01237,1237
train_01238,1238
train_01239,1239
train_01240,1240
train_01241,1241
train_01242,1242
train_01243,1243
train_01244,1244
train_01245,1245
train_01246,1246
train_01247,1247
train_01248,1248
train_01249,1249
train_01250,1250
train_01251,1251
train_01252,1252
train_01253,1253
train_01254,1254
train_01255,1255
train_01256,1256
train_01257,1257
train_01258,1258
train_01259,1259
train_01260,1260
train_01261,1261
train_01262,1262
train_01263,1263
train_01264,1264
train_01265,1265
train_01266,1266
train_01267,1267
train_01268,1268
train_01269,1269
train_01270,1270
train_01271,1271
train_01272,1272
train_01273,1273
train_01274,1274
train_01275,1275
train_01276,1276
train_01277,1277
train_01278,1278
train_01279,1279
train_01280,1280
train_01281,1281
train_01282,1282
train_01283,1283
train_01284,1284
train_01285,1285
train_01286,1286
train_01287,1287
train_01288,1288
train_01289,1289
train_01290,1290
train_01291,1291
train_01292,1292
train_01293,1293
train_01294,1294
train_01295,1295
train_01296,1296
train_01297,1297
train_01298,1298
train_01299,1299
train_01300,1300
train_01301,1301
train_01302,1302
train_01303,1303
train_01304,1304
train_01305,1305
train_01306,1306
train_01307,1307
train_01308,1308
train_01309,1309
train_01310,1310
train_01311,1311
train_01312,1312
train_01313,1313
train_01314,1314
train_01315,1315
train_01316,1316
train_01317,1317
train_01318,1318
train_01319,1319
train_01320,1320
train_01321,1321
train_01322,1322
train_01323,1323
train_01324,1324
train_01325,1325
train_01326,1326
train_01327,1327
train_01328,1328
train_01329,1329
train_01330,1330
train_01331,1331
train_01332,1332
train_01333,1333
train_01334,1334
train_01335,1335
train_01336,1336
train_01337,1337
train_01338,1338
train_01339,1339
train_01340,1340
train_01341,1341
train_01342,1342
train_01343,1343
train_01344,1344
train_01345,1345
train_01346,1346
train_01347,1347
train_01348,1348
train_01349,1349
train_01350,1350
train_01351,1351
train_01352,1352
train_01353,1353
train_01354,1354
train_01355,1355
train_01356,1356
train_01357,1357
train_01358,1358
train_01359,1359
train_01360,1360
train_01361,1361
train_01362,1362
train_01363,1363
train_01364,1364
train_01365,1365
