id,mislabel_score,dup_score,ood_score
train_00000,0.0088916474053968,0.0,0.0
train_00001,0.0004627346862644,0.0,0.0
train_00002,0.0823783624712009,0.0,0.0
train_00003,0.0,0.0,0.6566359390297901
train_00004,0.3262852622245317,0.0,0.3161226686116876
train_00005,8.449468475747675e-06,0.0,0.0
train_00006,0.9329468907931278,0.0,0.0
train_00007,0.0029479756852911,0.0625,0.0
train_00008,0.2464847463341613,0.0,0.0
train_00009,0.2697714542218586,0.0,0.0
train_00010,0.461369386338099,0.0,0.0
train_00011,4.959763799661232e-09,0.5625,0.0
train_00012,0.0,0.0,0.4758235724743778
train_00013,9.682464370812052e-05,0.0,0.0
train_00014,2.47990101057767e-08,0.0,0.0
train_00015,0.0008435955672742,0.0,0.0
train_00016,9.329438992130544e-05,0.0,0.0
train_00017,0.0803997386993402,0.0,0.0
train_00018,0.0426189829815517,0.0,0.0
train_00019,1.5227122356093975e-06,0.0,0.0
train_00020,0.0,0.0,0.9329062957540264
train_00021,0.0401611968096114,0.0,0.0
train_00022,0.0008500190475462,0.0,0.0
train_00023,0.9269036913441938,0.0,0.0
train_00024,0.0002158095961299,0.0,0.0
train_00025,0.0020122321474436,0.0,0.0
train_00026,0.7294357065310326,0.0,0.0
train_00027,0.0002211233658395,1.0,0.0
train_00028,0.0403549572650522,1.0,0.0
train_00029,0.1928870923195978,0.0,0.0
train_00030,0.0423255967670947,0.0,0.0
train_00031,0.0036787118183686,0.0,0.0
train_00032,0.0400004808760418,0.0,0.0
train_00033,0.0001470596165959,0.0,0.0
train_00034,0.0002179664411776,0.0,0.0
train_00035,2.3566558470859114e-06,0.0,0.0
train_00036,0.1071550864282607,0.0,0.24161291639329727
train_00037,0.0357215785829353,0.0,0.0
train_00038,3.86311408613906e-06,0.0,0.0
train_00039,0.040196041373268,0.0,0.0
train_00040,0.8052117760368651,0.0,0.0
train_00041,1.1707905478441916e-11,0.0,0.0
train_00042,0.0654984273422314,1.0,0.0
train_00043,0.0409938907495769,0.0,0.0
train_00044,0.0004362225452119,0.0,0.0
train_00045,0.0048511571653559,0.0,0.0
train_00046,0.0074063858119454,0.0,0.0
train_00047,7.66875563051883e-10,0.0,0.0
train_00048,0.3531154230038668,1.0,0.09671812719030895
train_00049,0.0013176989050984,0.0,0.0
train_00050,0.0407687983967109,0.0,0.0
train_00051,0.0,0.0,0.5778806153989177
train_00052,0.0003091464454718,0.0,0.0
train_00053,0.0023767854959058,0.0,0.0
train_00054,0.0006705359554612,0.0,0.0
train_00055,7.81206720813949e-05,0.0,0.0
train_00056,0.0001628841399305,0.0,0.0
train_00057,0.097155246268155,0.0,0.0
train_00058,0.0055500020056067,0.0,0.6439844013965541
train_00059,0.0005719740729416,0.0,0.0
train_00060,0.0800733436779709,1.0,0.0
train_00061,7.351359583100171e-05,0.0,0.0
train_00062,8.278239152962757e-08,0.0625,0.0
train_00063,0.0001256130685775,0.0,0.0
train_00064,0.1232562709958668,0.0,0.0
train_00065,6.59886853182153e-05,0.0,0.0
train_00066,0.0416679990079527,0.0,0.0
train_00067,0.0011339992381262,0.0,0.0
train_00068,9.46298539127197e-05,0.0,0.0
train_00069,0.1286620187724617,0.0,0.0
train_00070,0.0007527182141136,0.0,0.3788519787787725
train_00071,0.0005930862967345,0.0,0.0
train_00072,0.0697939970847886,0.0,0.0
train_00073,0.0842047059030276,0.0,0.0
train_00074,0.022604609940921,0.0,0.0
train_00075,0.0003921381614597,0.0,0.0
train_00076,0.0108130640276567,0.0,0.5465356995371647
train_00077,3.429511341579428e-09,0.0,0.0
train_00078,0.000194965907226,0.0,0.0
train_00079,0.0004647167718707,0.0,0.0
train_00080,0.0026715191481467,0.0,0.0
train_00081,0.0048796898487427,0.0,0.0
train_00082,0.0001597991983356,1.0,0.0
train_00083,0.0725844042102919,0.0,0.08196804957419927
train_00084,0.0403507291683442,0.0,0.0
train_00085,0.0004496205536679,0.0,0.0
train_00086,0.0249949784930139,0.0,0.20529516914948878
train_00087,0.0002879422258102,1.0,0.0
train_00088,3.220922258353067e-07,0.0,0.0
train_00089,0.0009582824303476,0.0,0.0
train_00090,5.24676169177951e-10,0.0,0.0
train_00091,0.0034741482264612,0.0,0.0
train_00092,6.038588902975392e-06,0.0,0.0
train_00093,0.0024426745339837,0.0,0.0
train_00094,0.0011615757587785,0.0,0.0
train_00095,3.1889048841213087e-06,0.0,0.0
train_00096,0.062736272990572,0.0,0.20898100327090094
train_00097,2.8720737788034963e-09,0.0,0.0
train_00098,0.0048745664069408,0.5625,0.0
train_00099,0.0137296302018064,0.0,0.0
train_00100,0.0002388493260507,0.0,0.0
train_00101,0.0012632444477231,0.0,0.3981032321076247
train_00102,0.0009486745809048,0.0,0.0
train_00103,1.623164107416687e-06,0.0,0.0
train_00104,0.0015404971558646,0.0,0.0
train_00105,0.0031378258780284,0.0,0.0
train_00106,0.0006531019050758,0.0,0.0
train_00107,0.0013189037091865,0.0,0.0
train_00108,0.0002509010218632,0.0,0.0
train_00109,0.0048218275732542,0.0,0.0
train_00110,2.5426583505350207e-09,0.0,0.0
train_00111,0.044698184233387,0.0,0.0
train_00112,0.0003631134472547,0.0,0.0
train_00113,0.2112606554442847,0.0,0.0
train_00114,0.040091555750031,0.0,0.0
train_00115,0.0014958683505827,0.5625,0.0
train_00116,2.345427430518741e-06,0.0,0.0
train_00117,0.0004530949488852,0.0,0.0
train_00118,2.7685546577551534e-06,0.0,0.0
train_00119,0.9069089745034806,0.0,0.0
train_00120,0.0004614820639669,0.0,0.0
train_00121,0.0440606553772364,0.0,0.0
train_00122,0.0451625754541077,0.0,0.0
train_00123,0.5800024343975394,0.0,0.0
train_00124,8.426800170037119e-07,1.0,0.0
train_00125,0.0123713141025601,0.0,0.0
train_00126,0.2812349815490431,1.0,0.357582967301123
train_00127,0.0032493919522524,0.0,0.5241526883181352
train_00128,5.513922268536111e-07,0.0,0.0
train_00129,9.078805551878212e-06,0.0,0.0
train_00130,0.0053755870714789,0.0,0.0
train_00131,0.0005858582971511,0.0,0.0
train_00132,0.988491112719597,0.0,0.0
train_00133,0.0004956426546056,0.5625,0.0
train_00134,1.4724940126263544e-05,1.0,0.0
train_00135,0.0075710225844887,0.5625,0.0
train_00136,0.1497868809072886,0.0,0.0
train_00137,0.0400026055125407,0.0,0.0
train_00138,0.3662568030647467,0.0,0.006093721229152794
train_00139,0.0007981497385772,0.0,0.0
train_00140,0.0001115845760827,1.0,0.0
train_00141,3.841950673203983e-05,0.0,0.0
train_00142,0.0183707310660645,0.0,0.0
train_00143,0.0003630580879627,0.0,0.0
train_00144,0.0001393645122895,0.0,0.0
train_00145,0.0403056521106553,0.0,0.0
train_00146,0.0040983310765088,0.0,0.0
train_00147,2.4175154377218885e-05,0.0,0.0
train_00148,0.0041217216455274,0.0,0.0
train_00149,0.0,0.0,0.3
train_00150,2.904988748621284e-05,0.0,0.0
train_00151,0.0013241119030583,0.0,0.0
train_00152,0.0018546413396469,0.0,0.0
train_00153,0.0007748339234994,0.0,0.0
train_00154,0.0912810688292947,0.0,0.0
train_00155,0.0022876010984745,0.0625,0.0
train_00156,0.0545636018804219,0.0,0.16773049898964967
train_00157,0.0400000997090232,0.0,0.0
train_00158,0.0008104542185838,0.0,0.0
train_00159,0.0400138801477513,0.5625,0.0
train_00160,0.8405228135632112,0.0,0.0
train_00161,0.0001361727510235,0.0,0.0
train_00162,0.003291103595565,0.0,0.0
train_00163,0.0658716131694436,0.0,0.0
train_00164,0.0008888191180494,0.0,0.0
train_00165,0.0691407875958216,0.0,0.25405473410597906
train_00166,2.2128462193297817e-05,0.0,0.0
train_00167,0.0090062042650492,0.0,0.0
train_00168,0.0003100779193237,0.0,0.0
train_00169,7.158697558035808e-05,0.0,0.0
train_00170,0.0013613368995998,0.0,0.0
train_00171,0.0005164534959034,0.0,0.0
train_00172,1.32730977519685e-06,0.0,0.0
train_00173,0.0004204296852359,0.0,0.0
train_00174,1.4849768024153137e-06,0.0,0.0
train_00175,0.0015596242560116,1.0,0.0
train_00176,0.0001670159063695,0.0,0.0
train_00177,0.0472423086630002,0.0,0.0
train_00178,0.0413359822519072,0.0,0.0
train_00179,0.0,0.0,0.42407576866764285
train_00180,5.206952711864102e-07,0.0,0.0
train_00181,0.0018715142044872,0.0,0.0
train_00182,8.673891200123152e-06,0.0,0.0
train_00183,0.0002492826877871,0.0,0.0
train_00184,0.0001232718921495,0.0,0.0
train_00185,0.0012030733473292,0.0,0.0
train_00186,0.4095832407756028,0.0,0.0
train_00187,0.2413697540861026,0.25,0.04020264955477271
train_00188,0.8761252182367625,0.0,0.0
train_00189,1.0449946457249671e-06,0.0,0.0
train_00190,0.0301064985358763,0.0,0.0
train_00191,0.110881778558388,0.0,0.0
train_00192,0.2372338314439058,0.0,0.0
train_00193,9.108803963277413e-06,0.0,0.0
train_00194,0.1068691555999244,0.5625,0.0
train_00195,0.0003091146475299,1.0,0.0
train_00196,4.014400749317872e-06,0.0,0.0
train_00197,3.700413386798426e-05,0.0,0.0
train_00198,0.0033384293066893,0.0,0.0
train_00199,0.9040937197179232,0.0,0.0
train_00200,0.1515395894801121,0.0,0.0
train_00201,0.0001362357244474,0.0,0.0
train_00202,0.3434880275641478,0.0,0.0
train_00203,1.4247311824103054e-07,0.0,0.0
train_00204,0.0,0.0,0.5988653001464129
train_00205,0.2755282434647802,0.0,0.0
train_00206,0.0002522611990943,0.0,0.0
train_00207,0.0409072924527627,0.0,0.0
train_00208,0.0004126271760491,0.0,0.0
train_00209,0.0827891929238878,0.0,0.0
train_00210,0.000464026515105,0.0,0.0
train_00211,0.0089582304480474,0.0,0.0
train_00212,0.0125533987899178,0.0,0.46036855883122413
train_00213,0.0574738820833767,0.0,0.0
train_00214,0.0076557888934107,0.0,0.0
train_00215,1.7366935032981908e-05,0.0,0.0
train_00216,0.0166692882351734,0.0,0.1110821354232775
train_00217,0.0003779749038994,0.0,0.0
train_00218,1.2202080880320349e-06,0.0,0.0
train_00219,0.0380354745519856,0.0,0.0
train_00220,3.643752608721904e-07,0.0,0.0
train_00221,3.166271421680897e-05,0.0,0.0
train_00222,2.789045261408773e-09,0.0,0.0
train_00223,0.0062793347719167,0.0,0.13323937463761767
train_00224,5.496393629987671e-06,0.0,0.0
train_00225,0.000369813112237,0.0,0.0
train_00226,0.0,0.0,0.5940336749633968
train_00227,3.574318868716537e-07,0.0,0.0
train_00228,0.000312415122879,0.0,0.0
train_00229,6.69046466833836e-05,1.0,0.0
train_00230,0.0038869308613284,0.0,0.3000338993201365
train_00231,0.0,0.0,0.4025201623115247
train_00232,0.0002137267439318,0.0,0.0
train_00233,0.0013332174578536,0.0,0.0
train_00234,8.888133703538148e-08,0.0,0.0
train_00235,0.9989292217634588,0.0,0.0
train_00236,0.0006398436439522,0.0,0.0
train_00237,0.0070822133911772,0.0,0.0
train_00238,0.011546295447974,0.0,0.0
train_00239,6.581661758305133e-06,0.0,0.0
train_00240,0.0001164942791935,0.0,0.0
train_00241,0.8431368042860263,0.0,0.0
train_00242,1.9182749575169522e-07,0.0,0.0
train_00243,9.441866713072802e-06,0.0,0.0
train_00244,0.0599031934183343,0.25,0.0
train_00245,0.0021564116167201,0.0,0.0
train_00246,0.0802219232338989,0.0,0.0
train_00247,0.0822079919381543,0.0,0.016351449916603818
train_00248,0.0009954097302864,0.0,0.6647704350852236
train_00249,0.116670601943152,0.0,0.0
train_00250,0.0030079905294042,0.0,0.0
train_00251,2.3219755892706717e-05,0.0,0.0
train_00252,0.0817950616291133,0.0,0.11709362230958115
train_00253,0.0076715696824336,0.0,0.10983238197733033
train_00254,0.1666570621876772,0.0,0.0
train_00255,0.001104367243741,1.0,0.0
train_00256,0.0040510238908617,0.0,0.0
train_00257,0.0007748036481483,0.0,0.0
train_00258,0.0446871082110457,1.0,0.0
train_00259,0.0016505081710555,0.0,0.0
train_00260,2.7394711566474172e-05,0.0,0.0
train_00261,0.99996953049243,0.5625,0.0
train_00262,9.772623554182856e-06,0.0,0.0
train_00263,0.0003696303304419,0.0,0.0
train_00264,0.0041988416190854,0.0,0.0
train_00265,0.3996200088670207,0.0,0.0
train_00266,0.0002770033705293,0.5625,0.0
train_00267,0.0478833562295296,0.0,0.0
train_00268,0.0462931077010493,0.0,0.0
train_00269,0.0409720150630681,0.0,0.0
train_00270,0.070777866638534,0.0,0.0
train_00271,0.0023678055904682,0.0,0.0
train_00272,0.0086039098971244,0.0,0.0
train_00273,0.0027290367397651,0.0,0.2220809191892649
train_00274,3.029051015481039e-07,1.0,0.0
train_00275,3.759936431981897e-06,0.0,0.0
train_00276,0.0833476432356084,1.0,0.0
train_00277,0.0407131621839498,0.0,0.0
train_00278,0.0032042252254283,0.0,0.0
train_00279,0.0086577420627827,0.0,0.0
train_00280,0.9016124633264304,0.0,0.0
train_00281,0.3430066908283246,0.0,0.0
train_00282,8.791509642487494e-05,0.0,0.0
train_00283,8.693707104749349e-05,0.25,0.0
train_00284,0.0002468040448761,0.0,0.0
train_00285,0.0026419231306548,0.0,0.0
train_00286,0.0015699488901381,0.0,0.0
train_00287,0.1006219146428787,0.0,0.0
train_00288,0.0400879877263116,1.0,0.0
train_00289,0.0001065782220137,0.0,0.0
train_00290,0.0110196669412738,0.0,0.0
train_00291,3.92428158958687e-06,0.0,0.0
train_00292,0.0832417681989079,0.0,0.0
train_00293,3.171094283147358e-05,0.0,0.0
train_00294,0.0001639275312942,0.0,0.0
train_00295,0.4034327485795853,0.0,0.0
train_00296,0.0251677456984182,0.0,0.0
train_00297,0.0038836561499293,0.0,0.0
train_00298,0.8996263283849204,0.0,0.0
train_00299,0.0012138226593991,0.0,0.0
train_00300,4.810258361755432e-05,0.0,0.0
train_00301,0.0394752659509748,0.0625,0.0
train_00302,0.8360613697555672,0.0,0.0
train_00303,6.098134847087476e-05,0.0,0.0
train_00304,0.000274161777174,0.0,0.0
train_00305,0.0377977965183428,0.0,0.15610469325696277
train_00306,0.1989290675044766,0.0,0.35011822676537224
train_00307,1.228326935060576e-05,0.0,0.0
train_00308,0.0010429822111549,0.0,0.0
train_00309,0.0010391805323604,0.0,0.0
train_00310,0.0008387570639329,0.0,0.0
train_00311,0.0001081907893399,0.0,0.0
train_00312,0.0017577895581253,0.0,0.0
train_00313,0.0001120513771034,0.5625,0.0
train_00314,0.0,0.0,0.9964860907759883
train_00315,0.0402973370710151,0.0,0.0
train_00316,0.0015126669212865,0.0,0.0
train_00317,0.0290201244209714,0.0,0.20300020528790663
train_00318,5.268114699769086e-07,0.0625,0.0
train_00319,0.0107574088797268,0.0,0.6108728251846854
train_00320,2.415816933100199e-05,0.0,0.0
train_00321,0.0400160367146435,0.0,0.0
train_00322,0.0019792859132344,0.0,0.0
train_00323,1.052564030089117e-06,0.0,0.0
train_00324,4.529474795234023e-10,0.0,0.0
train_00325,0.0070097284826697,0.0,0.2492316228590025
train_00326,0.0009994097772378,0.0,0.0
train_00327,0.0005167160942262,0.0,0.0
train_00328,0.0083966849629863,0.0,0.0
train_00329,0.2708581132765574,0.0,0.13262593176575596
train_00330,1.7243574581015698e-06,0.0,0.0
train_00331,0.0100755297919186,0.0,0.0
train_00332,0.0112371083753959,0.0,0.0
train_00333,0.0001375826891398,0.0,0.0
train_00334,0.0449643755984284,0.0,0.0
train_00335,7.919599576221181e-05,0.0,0.0
train_00336,0.0003814117762563,0.0,0.0
train_00337,0.0004745086950384,0.0,0.0
train_00338,0.0408812513513098,0.0,0.0
train_00339,0.0003294175013488,0.0,0.0
train_00340,2.4419769066899515e-06,0.0,0.4755383369951453
train_00341,0.0061098307607484,0.5625,0.0
train_00342,0.0004234844957017,0.0,0.0
train_00343,0.0709594465828844,0.0,0.0
train_00344,0.0003258763362508,0.0,0.0
train_00345,0.1278540907997221,0.0,0.0
train_00346,0.0453574682468575,0.5625,0.0
train_00347,0.0003510607091338,0.0,0.0
train_00348,4.496483279764563e-05,1.0,0.0
train_00349,0.0001455136544825,0.0,0.0
train_00350,3.369214964669843e-05,0.0,0.0
train_00351,7.791125744560642e-10,0.0,0.0
train_00352,0.000360340812248,0.0,0.0
train_00353,0.002969372513487,0.0,0.0
train_00354,0.0010405431124635,0.0,0.0
train_00355,0.0403454872175197,0.0,0.0
train_00356,0.0536368047291265,0.0,0.0
train_00357,4.077933389460891e-05,0.0,0.0
train_00358,0.0376995590536896,0.0,0.2559096995407393
train_00359,0.1638174867004145,0.0,0.0
train_00360,3.5780773533313805e-07,0.0,0.0
train_00361,6.946649702972355e-07,0.0,0.0
train_00362,2.451660378867076e-06,0.0,0.0
train_00363,0.0599177890637947,0.0,0.0
train_00364,0.040016084712506,0.0,0.0
train_00365,0.0,0.0,0.4852672035139093
train_00366,0.000415584628866,0.0,0.0
train_00367,0.00043394161598,0.0,0.003912686196726933
train_00368,1.753130255306083e-05,0.0,0.0
train_00369,3.97127230889264e-05,0.0,0.0
train_00370,0.0008756406700935,0.0,0.0
train_00371,0.0016482731588382,0.0,0.0
train_00372,0.0086047581213847,0.0,0.0
train_00373,0.0011930990723164,0.0,0.0
train_00374,0.0022892674107502,0.0,0.0
train_00375,1.3054979817510214e-05,0.0,0.0
train_00376,0.0449697274318794,0.0,0.0
train_00377,0.0453589006299637,0.0,0.0
train_00378,1.0418070362330273e-08,0.0,0.0
train_00379,0.2516191800583853,0.0,0.0
train_00380,0.0418451582887483,0.0,0.0
train_00381,0.0017975103204768,0.0,0.0
train_00382,0.0027471129047134,0.0,0.0
train_00383,0.0220645353150274,0.0,0.3039741459397394
train_00384,0.3911436502129207,0.0,0.40576946168088257
train_00385,0.5499162270523426,0.0,0.0
train_00386,0.0016612376675569,0.0,0.0
train_00387,0.0011405354599744,0.0,0.0
train_00388,0.0002811218899416,0.0,0.0
train_00389,0.9993930623781152,0.0,0.0
train_00390,0.0001582141797276,0.0,0.0
train_00391,0.0280332773847928,0.0,0.0
train_00392,0.0409174902227267,0.0,0.0
train_00393,1.1962134738139029e-06,0.0,0.0
train_00394,6.983277283921097e-05,0.0,0.0
train_00395,0.1351671154474843,0.0,0.0
train_00396,0.0011280849676637,0.0,0.0
train_00397,1.3867234680442656e-05,0.0,0.0
train_00398,0.1357342369054301,0.0,0.24440307401507988
train_00399,5.116777580908903e-06,0.0,0.0
train_00400,0.0002303908944329,0.0,0.0
train_00401,0.00121330281871,1.0,0.0
train_00402,4.627429322808397e-05,0.0,0.0
train_00403,0.1018471985426803,0.5625,0.0
train_00404,3.4964833899779047e-06,0.0,0.0
train_00405,0.0003456180268522,0.0,0.0
train_00406,1.4077289015858532e-05,0.0,0.0
train_00407,0.0049152381340526,0.0,0.0
train_00408,0.089580402317891,1.0,0.0
train_00409,0.1674505247145249,0.0,0.0
train_00410,1.2199627987408846e-07,0.0,0.0
train_00411,0.00068056669029,0.0,0.0
train_00412,6.230845750869931e-07,0.0,0.0
train_00413,0.0400320760684936,0.0,0.0
train_00414,0.0022869311224038,0.0,0.0
train_00415,0.0012221621922143,0.0,0.0
train_00416,4.031094899766235e-05,0.25,0.0
train_00417,0.0273073948431719,0.0,0.0
train_00418,0.1861438856161749,0.0,0.0
train_00419,0.0002773062354523,1.0,0.0
train_00420,1.1303630721997053e-06,1.0,0.0
train_00421,0.0001418032726883,0.0,0.0
train_00422,0.0400550155088013,0.0,0.0
train_00423,0.0,0.0,0.41391464671113304
train_00424,0.0916204965228699,0.0,0.0
train_00425,0.0006899129511899,0.0,0.0
train_00426,0.0012457633784153,0.0,0.0
train_00427,0.0005339474286623,0.0,0.0
train_00428,0.0007434148273205,0.0,0.0
train_00429,0.000481074616073,1.0,0.0
train_00430,0.0001869749591928,0.0,0.0
train_00431,0.0003967582184998,0.0,0.0
train_00432,0.0028817788542085,0.0,0.0
train_00433,0.0052164129364429,0.0,0.0
train_00434,0.0054196082027687,0.0,0.6182377895408652
train_00435,0.1668024085801977,0.5625,0.0
train_00436,0.0003835066873178,0.0,0.0
train_00437,0.0400001347643168,0.0,0.0
train_00438,0.0019143847926508,0.0,0.0
train_00439,0.0003171484032662,0.5625,0.0
train_00440,0.0061070569883791,0.0,0.0
train_00441,0.0005526951933293,0.0,0.0
train_00442,0.0011533301071318,0.0,0.0
train_00443,0.0002927806419494,0.0,0.0
train_00444,1.4831286161131772e-05,0.0,0.0
train_00445,0.0002467929957893,0.0,0.0
train_00446,0.0034982550157085,0.0,0.0
train_00447,0.000288678009176,1.0,0.0
train_00448,0.0001888423269843,0.0,0.0
train_00449,0.0583325373527387,0.0,0.0
train_00450,0.0004269678524163,0.0,0.0
train_00451,3.986251391329375e-05,0.0,0.0
train_00452,0.2046231754482095,0.0,0.07270458176387871
train_00453,0.0004307700144699,0.0,0.0
train_00454,0.0010358899782558,0.0,0.0
train_00455,0.0013125587650817,0.0,0.0
train_00456,8.203155750672042e-05,0.0,0.0
train_00457,0.0006879746191129,0.0,0.0
train_00458,0.0428687696405941,0.0,0.0
train_00459,0.0,0.0,0.4978953147877013
train_00460,1.693202190161826e-05,0.0,0.0
train_00461,0.0056483051027785,0.0,0.0
train_00462,0.0406477368693575,0.0,0.0
train_00463,0.0001085247356363,0.0,0.0
train_00464,0.0003995328198684,0.0,0.0
train_00465,0.0153108657632251,1.0,0.0
train_00466,4.579208915612047e-05,0.25,0.0
train_00467,0.0019130237812258,0.0625,0.0
train_00468,0.0007338476789127,0.0,0.0
train_00469,1.0000923800277227e-05,0.0,0.0
train_00470,0.0042044141041049,0.0,0.0
train_00471,0.3949535678665182,0.0,0.0
train_00472,0.0004984180349836,0.0,0.0
train_00473,1.248166892085546e-05,0.5625,0.0
train_00474,0.0271804071954599,0.0,0.0
train_00475,0.0002587324990154,0.0,0.0
train_00476,0.0001285207570493,1.0,0.0
train_00477,0.0003814680631991,1.0,0.0
train_00478,0.0196247129050209,0.0,0.40895094006367844
train_00479,0.0431256386862982,0.0,0.0
train_00480,0.0404036152864704,0.0,0.0
train_00481,0.0017154425249047,0.0,0.0
train_00482,0.0526692413354214,0.0,0.0
train_00483,0.0760166477677756,0.0,0.37567835884087714
train_00484,0.0023636358259806,0.0,0.0
train_00485,2.1433436882223323e-05,0.0,0.0
train_00486,0.0012153611188351,0.0,0.0
train_00487,0.0,0.0,0.9661618342072237
train_00488,0.0002824430317977,0.0,0.0
train_00489,0.0400456847953276,1.0,0.0
train_00490,1.2950516016493386e-06,0.0,0.0
train_00491,0.0400261679355984,0.0,0.0
train_00492,0.002791014438769,0.0,0.0
train_00493,5.1539159421567536e-05,0.0,0.0
train_00494,0.0400707029829859,0.0,0.0
train_00495,0.0003462386120228,1.0,0.0
train_00496,0.0017597443206035,0.0,0.0
train_00497,0.0003719783313206,0.25,0.0
train_00498,1.202880511412778e-06,0.0,0.0
train_00499,0.0466265408635822,0.0,0.0
train_00500,0.0080175446080814,0.0,0.0
train_00501,0.0019685288213985,0.0,0.0
train_00502,0.0001828291732792,1.0,0.0
train_00503,0.0003561620059839,0.0,0.0
train_00504,0.0002944711308234,0.0,0.0
train_00505,0.0694205965387339,0.0,0.0
train_00506,0.0736462443420734,0.0,0.0
train_00507,0.0456164542426737,0.0,0.0
train_00508,7.034754978732543e-05,1.0,0.0
train_00509,0.0550606975295077,0.0625,0.0
train_00510,0.0011441815135255,0.0,0.0
train_00511,1.897097574157108e-05,0.0,0.0
train_00512,0.0006947831945836,0.0,0.0
train_00513,7.150596570303005e-06,0.0,0.0
train_00514,0.952215039427716,0.0,0.0
train_00515,0.0031356064156711,0.0,0.0
train_00516,0.0455751009059916,0.0,0.0
train_00517,7.195759779955496e-05,0.0,0.0
train_00518,0.954422328437667,0.0,0.0
train_00519,0.0013847784668225,0.0,0.0
train_00520,0.0028100557283834,0.0,0.0
train_00521,0.0410758595288041,0.0,0.0
train_00522,0.0034881646432757,0.0,0.0
train_00523,8.586356622214061e-06,0.0,0.0
train_00524,0.0401445055921845,0.0,0.0
train_00525,0.0009845351399103,0.0,0.0
train_00526,6.917282261781819e-06,0.0,0.0
train_00527,3.1578912824771136e-06,0.0,0.0
train_00528,0.0002830645552437,0.0,0.0
train_00529,1.841447686078428e-08,0.0,0.0
train_00530,0.0005889439882372,0.0,0.0
train_00531,0.001243730205892,0.0,0.0
train_00532,0.0767083156373808,0.0,0.0
train_00533,0.0002316061125919,0.0,0.0
train_00534,6.796191131758895e-06,0.0,0.0
train_00535,6.939246355485942e-05,0.0,0.0
train_00536,9.148534728151136e-06,0.0,0.0
train_00537,3.3646476116360226e-06,0.0,0.0
train_00538,3.467366987611185e-05,0.0,0.0
train_00539,7.6051640336137075e-06,0.0,0.0
train_00540,8.297192641138974e-05,0.0,0.44132430662445293
train_00541,0.0623112285207147,0.0,0.0
train_00542,0.0005023756187059,0.0,0.0
train_00543,0.0199987580837466,0.0,0.0
train_00544,0.0974620030455692,0.0,0.0
train_00545,0.0008602231700634,0.0,0.0
train_00546,3.873242637352529e-05,0.0,0.0
train_00547,0.0002649794841947,0.0,0.0
train_00548,0.0003680874586477,0.0,0.09959334968485799
train_00549,0.0818002953051039,0.0,0.0
train_00550,5.769693453163143e-05,0.0,0.0
train_00551,0.0006515940169247,0.5625,0.0
train_00552,0.004753785105317,0.0,0.0
train_00553,0.0107514154461114,0.0,0.0
train_00554,5.218254100905137e-05,0.0,0.0
train_00555,0.0475255153221588,0.0,0.0
train_00556,0.0040511652401973,0.0,0.0
train_00557,0.0004857010109816,0.0,0.0
train_00558,0.1690811959584662,0.0,0.0
train_00559,5.869941656307851e-05,0.0,0.0
train_00560,0.0001563654886669,0.0,0.0
train_00561,0.0085838489847968,0.0,0.0
train_00562,0.0,0.0,0.392340775988287
train_00563,0.008683267138575,0.0,0.0
train_00564,0.0001899785069733,0.0,0.0
train_00565,0.0082486383508091,0.0,0.0
train_00566,0.0002140874572025,0.0,0.0
train_00567,2.3734226799922152e-05,0.0,0.0
train_00568,0.0011501646909192,0.0,0.0
train_00569,0.0707942339573329,0.0,0.0
train_00570,0.9775817386256784,0.0,0.0
train_00571,0.0475043792705155,0.0,0.0
train_00572,0.0,0.0,0.7871604630389412
train_00573,0.0321119251780348,0.0,0.3305144234866051
train_00574,0.0522484006365161,0.0,0.0
train_00575,0.0001384496706482,0.0,0.0
train_00576,0.0130028491915308,0.0,0.0
train_00577,1.9359990529671878e-05,0.0,0.0
train_00578,0.0142174063720723,0.0,0.0
train_00579,1.5404985660416025e-05,0.0,0.0
train_00580,0.0001853928300907,1.0,0.0
train_00581,9.667680254594445e-08,0.5625,0.0
train_00582,0.004091710472022,0.0,0.0
train_00583,7.096312477839774e-06,0.0,0.0
train_00584,1.362513556461722e-05,0.0,0.0
train_00585,0.0583682151824737,0.0,0.0
train_00586,0.0007849262153841,0.0,0.0
train_00587,0.0,0.0,0.35887711537418787
train_00588,0.0023565550670274,0.0,0.0
train_00589,1.853882388202957e-05,0.0625,0.0
train_00590,0.0023849172971504,0.0,0.0
train_00591,0.9586075621560666,0.0,0.0
train_00592,0.0094822336590125,0.0,0.0
train_00593,0.0308315404718138,0.0,0.0
train_00594,0.0404123695151704,0.0,0.0
train_00595,0.0002038153969409,0.0,0.0
train_00596,0.0018073980318901,0.0,0.0
train_00597,0.9417983017492536,1.0,0.0
train_00598,1.1337703786845246e-07,0.0,0.0
train_00599,3.83168456274482e-06,0.0,0.0
train_00600,5.1055846182412696e-08,0.0,0.0
train_00601,9.872194152950272e-05,0.0,0.0
train_00602,0.001185310571265,0.0,0.0
train_00603,0.0005928487338238,0.0,0.0
train_00604,0.0017676717342095,0.0,0.12065297643628527
train_00605,0.0481312829784086,1.0,0.0
train_00606,0.061319163974673,0.0,0.0
train_00607,0.0237251439773222,0.0,0.0
train_00608,0.1243842944322564,1.0,0.0
train_00609,3.399581086669306e-06,0.0,0.0
train_00610,0.0014493722330531,0.0,0.0
train_00611,0.0008742662201359,0.0,0.0
train_00612,0.0077386263859313,0.0,0.0
train_00613,0.0146148070957722,0.0,0.0
train_00614,0.0402758633151849,0.0,0.0
train_00615,0.0400013034683725,0.0,0.0
train_00616,0.061265274402405,0.0,0.44449785207471915
train_00617,0.0603505344837774,0.0,0.24681245087540868
train_00618,0.0001196902529967,0.0,0.0
train_00619,6.512976721422694e-05,0.0,0.0
train_00620,0.0006794479313527,0.0,0.0
train_00621,0.0030255599665602,0.0,0.0
train_00622,0.0074695315554183,0.0,0.0
train_00623,0.0005784015671461,0.0,0.0
train_00624,6.241301929464089e-05,1.0,0.0
train_00625,0.0626296160468424,0.0,0.0
train_00626,0.0571636995690743,0.0,0.0
train_00627,9.427830801288825e-06,0.0,0.0
train_00628,0.007969070367935,0.0,0.0
train_00629,0.0022733212895906,0.0,0.0
train_00630,0.0016180214103228,0.0,0.0
train_00631,0.0019949434768519,0.0,0.0
train_00632,1.1366217148363507e-05,0.0,0.0
train_00633,0.8793711980956544,0.0,0.0
train_00634,0.0028132752156643,0.0,0.0
train_00635,3.492453255864547e-05,1.0,0.0
train_00636,0.0045419079461135,0.5625,0.0
train_00637,0.0007705287620067,0.0,0.0
train_00638,0.0002651201302519,0.0,0.0
train_00639,0.0014988267313041,0.0,0.0
train_00640,0.1194381306144978,0.0625,0.2711357531086671
train_00641,0.0546575421700788,0.0,0.20713013465575722
train_00642,0.0559847230167864,0.0,0.0
train_00643,0.000119899462725,0.0,0.0
train_00644,2.681288989032915e-06,0.0625,0.0
train_00645,0.0001392181797459,0.0,0.0
train_00646,0.1376425186026995,0.25,0.0
train_00647,0.0044289655935859,0.0,0.0
train_00648,0.0008703303334831,0.0,0.0
train_00649,1.2209473370405075e-05,0.0,0.0
train_00650,0.1080304072719801,0.0,0.0
train_00651,0.0003620595463925,0.0,0.0
train_00652,0.0001054748616591,0.0,0.0
train_00653,0.0001853395992987,0.0,0.2253540546000289
train_00654,0.0006009167714104,0.0,0.0
train_00655,0.0006004985084299,0.0,0.0
train_00656,7.565669934236975e-05,0.0,0.0
train_00657,0.0004842141471243,1.0,0.0
train_00658,0.2961159335920662,0.0,0.0
train_00659,0.0001806419005511,0.0,0.0
train_00660,0.0011436076605556,0.0,0.0
train_00661,0.0317434440315754,0.0,0.6357483414584447
train_00662,0.0405983878397736,0.0,0.0
train_00663,0.0002242536724118,0.0,0.0
train_00664,0.0010470700128843,1.0,0.0
train_00665,0.0281675069840347,0.0,0.0
train_00666,0.0002388105196057,1.0,0.0
train_00667,0.004263835015093,0.0,0.0
train_00668,0.0078181747542067,0.0,0.0
train_00669,0.9940235458776756,0.0,0.0
train_00670,0.0001880473989249,1.0,0.0
train_00671,0.0028240647709238,1.0,0.0
train_00672,0.0017826354494939,0.0,0.0
train_00673,3.207148488541334e-05,1.0,0.0
train_00674,2.725437343315757e-05,0.0,0.0
train_00675,0.0004184998482549,0.0,0.0
train_00676,8.778210557717218e-05,0.0,0.0
train_00677,0.3459021277938854,0.0,0.0
train_00678,0.0008816694774487,0.0,0.0
train_00679,5.2929218938375565e-08,0.0,0.0
train_00680,5.3485961807032753e-08,0.0,0.0
train_00681,0.0006989762962874,0.0,0.0
train_00682,3.2688821173884624e-06,0.0,0.0
train_00683,0.0407503393283229,0.0,0.0
train_00684,0.0097768683747562,0.0,0.0
train_00685,0.041629193287267,1.0,0.0
train_00686,0.0003845077634644,0.0,0.0
train_00687,1.6841526416755856e-06,0.0,0.0
train_00688,0.0026554199299065,0.0,0.0
train_00689,0.0061492861893666,0.0,0.0
train_00690,0.000147900567161,0.0,0.0
train_00691,0.0009970630779268,0.0,0.0
train_00692,0.0,1.0,0.2826021553144543
train_00693,0.0202340338199017,0.0,0.0
train_00694,0.0007783171986292,0.0,0.0
train_00695,8.448339585355784e-05,0.0,0.0
train_00696,0.040000910414909,0.0,0.0
train_00697,3.594882057443118e-06,0.0,0.0
train_00698,9.586333366540406e-05,0.0,0.0
train_00699,0.0004714173728266,1.0,0.0
train_00700,0.0007882458171,0.0,0.0
train_00701,0.0003257321490344,0.0,0.0
train_00702,7.179301601294891e-07,0.0,0.0
train_00703,0.0001329986888752,0.0,0.0
train_00704,0.0007137766570561,0.0,0.0
train_00705,0.0034562871508764,0.0,0.0
train_00706,0.7450850529798203,0.0,0.0
train_00707,0.0406148714486953,0.0,0.0
train_00708,0.0022696529807123,0.0,0.0
train_00709,0.0567995897964825,0.0,0.0
train_00710,1.5631978658780314e-05,0.0,0.0
train_00711,0.0003638311168068,0.0,0.0
train_00712,0.0004185424588772,1.0,0.0
train_00713,0.049724652858431,0.0,0.0
train_00714,4.331045743295568e-06,0.0,0.0
train_00715,1.9691947763115996e-05,0.0,0.0
train_00716,0.0011761630304718,0.0,0.0
train_00717,0.0004890094686362,0.0,0.0
train_00718,0.0003831954715799,0.0,0.0
train_00719,0.3675148369235462,0.0,0.13195490995637393
train_00720,0.0840382242018185,0.0,0.0
train_00721,0.0001109082770112,0.0,0.0
train_00722,0.0003980799318487,0.0,0.0
train_00723,0.0151835288089823,0.0,0.0
train_00724,0.000461533706185,0.0,0.0
train_00725,0.0400073668815665,0.0,0.0
train_00726,0.0,0.0,0.7730484092123928
train_00727,0.0017387612948298,0.0,0.0
train_00728,1.6908118473615557e-06,0.0,0.0
train_00729,0.0009637482387703,0.0,0.0
train_00730,0.1382670894813733,0.0,0.0
train_00731,1.2143792392503655e-06,1.0,0.0
train_00732,0.0046565378231589,0.0,0.0
train_00733,0.1317927334946359,0.0,0.0
train_00734,0.2026435164119746,0.0,0.04855245210296463
train_00735,0.0414645236311056,0.0,0.0
train_00736,0.0849133189278473,0.0,0.0
train_00737,0.0108812612700152,0.0,0.0
train_00738,0.0028784472522045,0.0,0.0
train_00739,0.0424915886911824,0.0,0.0
train_00740,0.042580949572083,0.0,0.0
train_00741,0.0363369103478394,0.0,0.0
train_00742,0.0,0.0,0.9660688140556369
train_00743,0.0240707184712231,0.0,0.0
train_00744,6.275504907042421e-06,0.0,0.0
train_00745,0.0003257647663674,0.0,0.0
train_00746,0.0025623493055154,0.0,0.0
train_00747,0.0004324801084274,0.0,0.0
train_00748,0.0011276775141128,0.0,0.0
train_00749,2.5194043645875457e-05,0.0,0.0
train_00750,1.559697295784113e-05,0.0,0.0
train_00751,0.0027479407875287,0.0,0.0
train_00752,2.286787825767078e-09,0.0,0.0
train_00753,0.0400428259623786,0.5625,0.0
train_00754,0.0007057956795421,0.0,0.0
train_00755,0.0568856114817441,0.0,0.0
train_00756,0.0012508278705192,0.0,0.0
train_00757,0.0022479137621338,0.0,0.0
train_00758,0.0463835959670713,1.0,0.0
train_00759,0.1340095589759275,0.0,0.0
train_00760,6.545444101954332e-06,0.0,0.0
train_00761,0.0413614086573801,0.0,0.0
train_00762,0.0,0.0,0.9957174231332357
train_00763,0.136276592596515,0.0,0.4753470527628658
train_00764,0.0002839091256818,0.0,0.0
train_00765,0.0803933385077626,0.0,0.0
train_00766,1.8170299671118e-06,0.0,0.0
train_00767,0.0012681903745237,0.0,0.0
train_00768,0.0434821854208482,0.0,0.0
train_00769,0.0003800594844713,0.0,0.0
train_00770,0.0005707313908993,1.0,0.0
train_00771,0.0009455125665856,0.0,0.0
train_00772,0.1397679519050903,0.0,0.21851825036305322
train_00773,0.0004300778385515,0.0,0.0
train_00774,0.0028618500089281,0.0,0.7297173164669517
train_00775,3.0101054187454717e-05,0.0,0.0
train_00776,9.669569358936752e-05,0.0,0.0
train_00777,0.0,0.0,0.2988484286983557
train_00778,1.9574986079338432e-05,0.0,0.0
train_00779,0.0027311571717312,0.0,0.0
train_00780,0.0065576450264552,0.0,0.0
train_00781,0.0002596322736633,0.0,0.0
train_00782,0.0002491642000142,1.0,0.0
train_00783,0.0002207005267709,0.0,0.0
train_00784,0.959734025873763,1.0,0.0
train_00785,6.699235550571823e-05,0.0,0.0
train_00786,0.0400670247511832,0.0,0.0
train_00787,0.000171147124872,0.0,0.0
train_00788,0.0552618242099894,0.0,0.0
train_00789,0.0438030883517732,0.0,0.0
train_00790,7.002701568920313e-07,0.0,0.0
train_00791,0.007095708110772,0.0,0.0
train_00792,0.0408368556872887,0.0,0.0
train_00793,8.438790136688216e-06,0.0,0.0
train_00794,0.0029267680587054,0.0,0.2990198992212176
train_00795,0.326919991768745,0.0,0.11738002724459531
train_00796,0.6645972344075084,0.0,0.0
train_00797,3.0652733805075583e-06,0.0,0.0
train_00798,5.738532848909017e-09,0.5625,0.0
train_00799,0.8960459128266933,0.0,0.0
train_00800,0.1803844859470381,0.0,0.0
train_00801,6.153078393806827e-06,0.0,0.0
train_00802,0.0414024561119309,0.0,0.0
train_00803,0.0015554218941203,0.0,0.0
train_00804,1.1504029590210253e-07,0.0,0.0
train_00805,0.003112625353908,0.0,0.0
train_00806,4.3221605839023234e-05,0.0,0.0
train_00807,0.0143709320864608,0.0,0.0
train_00808,0.282040066947622,0.0,0.0
train_00809,0.0431586419059794,0.0,0.0
train_00810,0.0017374083945111,0.0,0.0
train_00811,0.0005101561209627,1.0,0.0
train_00812,0.0002893869553167,0.25,0.0
train_00813,0.030898450460649,0.0,0.015853947039891444
train_00814,5.3063422490436106e-05,0.0,0.0
train_00815,0.0198251442178962,0.0,0.0
train_00816,0.907857049247918,0.0,0.0
train_00817,0.0002419641639036,0.0,0.0
train_00818,5.737118679361823e-05,0.0,0.0
train_00819,0.0001007103415285,0.0,0.0
train_00820,0.0052461063997293,0.0,0.0
train_00821,0.0001206608088884,1.0,0.0
train_00822,0.0012235245132678,0.0,0.0
train_00823,0.0063346981038289,0.0,0.0
train_00824,0.0014815550979172,0.0,0.0
train_00825,0.044564578340528,0.0,0.0
train_00826,0.0218967828571397,0.0,0.0
train_00827,0.0106149645304326,0.0,0.0
train_00828,0.0069823632774834,0.0,0.0
train_00829,0.0007853518724386,0.0,0.0
train_00830,0.4791074476907618,0.0,0.0
train_00831,0.0136021718910897,0.0,0.0
train_00832,0.0401266592818944,0.0,0.0
train_00833,0.0001410785864038,0.0,0.0
train_00834,0.0,0.0,0.43336977268163235
train_00835,0.0010033969355682,0.0,0.0
train_00836,0.0002816168803695,0.0,0.0
train_00837,0.0024679961798713,0.0,0.0
train_00838,2.8922684655400057e-05,0.0,0.0
train_00839,0.0400587202933131,0.0,0.0
train_00840,3.688639618497848e-05,0.0,0.0
train_00841,2.48400382218438e-06,0.0,0.0
train_00842,0.0025175659198072,0.0,0.0
train_00843,0.0401062009254273,0.0,0.0
train_00844,6.809168127671982e-05,0.0,0.0
train_00845,0.1763018397946594,0.0,0.0
train_00846,0.0034275444657683,0.0,0.18987001014819516
train_00847,0.0601803480249574,0.0,0.18530995196441785
train_00848,0.0003359376761328,0.0,0.0
train_00849,0.0400049423807476,0.0,0.0
train_00850,1.3649993894810004e-06,0.0,0.0
train_00851,0.0400062500629779,0.0,0.0
train_00852,0.1839749896195361,0.0,0.0
train_00853,0.0135041074978863,0.0,0.0
train_00854,5.284277832535481e-05,0.0,0.0
train_00855,0.0006743808578201,0.0,0.0
train_00856,0.0001759079984307,0.0,0.0
train_00857,0.1270970972974575,0.0,0.0
train_00858,0.0001523430760761,0.0,0.0
train_00859,0.1941990323068214,0.0,0.4523309711816301
train_00860,7.014641533132862e-05,1.0,0.0
train_00861,0.0421561068925529,0.0,0.0
train_00862,9.131000061226312e-07,0.25,0.0
train_00863,0.001115862901979,0.0,0.0
train_00864,3.932545083270567e-05,0.0,0.0
train_00865,3.698694410277141e-06,0.0,0.0
train_00866,0.006600388516247,0.0,0.0
train_00867,2.823326912914921e-07,1.0,0.0
train_00868,0.0021903790368,0.0,0.0
train_00869,0.0002064341052002,0.0,0.0
train_00870,0.0176831914171478,0.0,0.0
train_00871,0.0016633596209683,0.0,0.0
train_00872,0.000452522142852,0.0,0.0
train_00873,2.8659555504988144e-05,0.0,0.0
train_00874,0.1659113743897484,0.0,0.0
train_00875,0.0002126763892349,0.0,0.0
train_00876,8.574546474572374e-05,0.0,0.0
train_00877,0.0001993053841412,0.0,0.0
train_00878,0.0425654658018119,1.0,0.0
train_00879,0.004610659027002,0.0,0.0
train_00880,0.0042728339957766,0.0,0.0
train_00881,0.0002406209267223,1.0,0.0
train_00882,0.0401110589484871,0.0,0.0
train_00883,2.216169324189152e-07,0.0,0.0
train_00884,6.385608593729585e-06,0.0,0.0
train_00885,0.0435152788144891,0.0,0.0
train_00886,0.0001123453095552,0.0,0.0
train_00887,0.0005832099645734,0.0,0.0
train_00888,0.006890408885947,0.0,0.0
train_00889,0.0019925231487706,0.0,0.0
train_00890,0.0019870610427843,0.0,0.0
train_00891,0.0040716904738843,0.0,0.0
train_00892,9.30041890056443e-06,0.0,0.0
train_00893,0.0002501923084128,0.0,0.0
train_00894,0.0098720417179724,0.0,0.0
train_00895,9.225985924762393e-06,0.0,0.0
train_00896,0.0402174457391007,1.0,0.0
train_00897,0.0002421359910477,0.0,0.0
train_00898,0.0013202279898936,0.0,0.0
train_00899,0.0872907455568244,0.0,0.024786242849932253
train_00900,0.0847613363619046,0.0,0.0
train_00901,0.0,0.0,0.4292713888248303
train_00902,4.6906377553783726e-07,0.0,0.0
train_00903,0.0001689226398274,0.0,0.0
train_00904,0.0003521719995471,0.0,0.0
train_00905,0.1971085851461345,0.0,0.25500944205190196
train_00906,0.2941750615004749,0.0,0.0
train_00907,0.040072810470397,0.5625,0.0
train_00908,0.0056817274705078,0.0,0.0
train_00909,0.0009375356143334,0.5625,0.0
train_00910,0.0,0.0,0.9640922401171304
train_00911,0.0117274324325155,0.5625,0.0
train_00912,0.9309838668812518,0.0,0.0
train_00913,0.3097704310315521,0.0,0.0
train_00914,0.0093349860269806,0.0,0.0
train_00915,0.7420206467255537,0.0,0.0
train_00916,0.6026993051946044,0.0,0.0
train_00917,1.3095380459205448e-05,0.0,0.0
train_00918,2.628026891335817e-05,0.0,0.0
train_00919,0.0551408177438029,0.0,0.0
train_00920,1.8882643947251004e-05,0.0,0.0
train_00921,0.0002348157842818,0.0,0.0
train_00922,0.0189099327085528,0.0,0.0
train_00923,6.261597313022905e-05,0.0,0.0
train_00924,0.0011499745030991,0.0,0.0
train_00925,0.0404696516384558,0.0,0.0
train_00926,0.0012321271261524,0.0,0.0
train_00927,0.0001177852784539,0.0,0.0
train_00928,2.8670929466130792e-05,0.0,0.0
train_00929,0.0226105330006757,0.0,0.0
train_00930,0.003133009349263,0.0,0.0
train_00931,0.0,0.0,0.8415281643685749
train_00932,3.757392863877537e-05,0.0,0.0
train_00933,0.0411479574408974,0.0,0.0
train_00934,0.0400099063914255,0.0,0.0
train_00935,9.534176096794545e-06,0.0,0.0
train_00936,0.0424838621832401,0.0,0.0
train_00937,1.2026282635609197e-06,0.25,0.0
train_00938,0.0004430761861235,0.0,0.0
train_00939,0.0400273612416826,0.0,0.0
train_00940,0.0005621928073241,0.0,0.0
train_00941,0.0422141008468352,0.0,0.0
train_00942,0.013950417806528,0.0,0.0
train_00943,0.0005767418198554,0.0,0.0
train_00944,0.0417326475987203,0.0,0.0
train_00945,0.0011794586328279,0.0,0.0
train_00946,0.0400783361356858,0.0,0.0
train_00947,0.0839542436872643,0.0,0.0
train_00948,9.974927664707477e-05,0.0,0.0
train_00949,0.0164026528742117,0.0,0.0
train_00950,0.0239510094302636,0.0,0.0
train_00951,8.734893817898643e-06,0.0,0.0
train_00952,0.1851740560398396,0.0,0.0762029677659252
train_00953,4.329923990272237e-05,0.5625,0.0
train_00954,0.0400706488145419,0.0,0.0
train_00955,0.0790507321467317,0.0,0.46163261390201427
train_00956,0.040028406465619,1.0,0.0
train_00957,0.0001599764060537,0.0,0.0
train_00958,2.4342293290279545e-06,0.0,0.0
train_00959,0.040243158804467,0.0,0.0
train_00960,0.0006058981296217,0.0,0.0
train_00961,0.0002595234199751,0.0,0.0
train_00962,0.0001802939442195,0.0,0.0
train_00963,0.0095370351290881,0.0,0.0
train_00964,0.8398288721921914,0.0,0.0
train_00965,0.2285528814230221,1.0,0.0
train_00966,0.0032663238326107,0.0,0.0
train_00967,0.0154733274643258,0.0,0.4976205671666874
train_00968,0.0010860473812095,0.0,0.0
train_00969,3.652048415760242e-05,0.0,0.0
train_00970,0.0403901926912708,0.0,0.0
train_00971,0.0108751519438046,0.0,0.0
train_00972,1.9392219947512524e-05,0.5625,0.0
train_00973,0.0,0.0,0.6491215152452348
train_00974,0.043119782989294,0.0,0.0
train_00975,0.9661699858465796,0.0,0.0
train_00976,0.0001601199569614,0.0,0.0
train_00977,0.1023443730592863,0.0,0.0
train_00978,4.446332958039844e-05,0.0,0.39036471229004194
train_00979,0.0041256659337759,0.0,0.0
train_00980,9.424621062999704e-06,0.0,0.0
train_00981,0.0179892413724301,0.0,0.0
train_00982,0.0112087044058031,0.0,0.0
train_00983,0.0406140954728904,0.0,0.0
train_00984,0.0002670067976065,1.0,0.0
train_00985,6.626894024917157e-06,0.0,0.0
train_00986,0.0080611514939382,0.0,0.5007098671081109
train_00987,3.377020571388576e-06,0.0,0.0
train_00988,0.0429381908797702,0.0,0.0
train_00989,9.53982658353226e-05,0.0,0.0
train_00990,0.0,0.0,0.8826489856870542
train_00991,5.668950610441832e-06,0.0,0.0
train_00992,0.0800145493725658,0.0,0.0
train_00993,0.0001364167522733,0.0,0.0
train_00994,6.0325087028065245e-05,0.0,0.0
train_00995,0.000110903211763,0.0,0.0
train_00996,8.728522900169726e-06,0.0,0.0
train_00997,4.001037839252482e-05,0.0,0.0
train_00998,6.944197033039114e-05,0.0,0.0
train_00999,1.0287806312439549e-07,0.0625,0.0
train_01000,0.0047495212130239,0.0,0.0
train_01001,6.612365769998162e-05,0.0,0.0
train_01002,2.82535954472481e-06,0.0,0.0
train_01003,0.0011527860008486,0.0,0.5136435638814856
train_01004,8.177816356084374e-07,1.0,0.0
train_01005,8.467167245894507e-05,0.0,0.0
train_01006,0.0162314087350182,0.0,0.13009346409785666
train_01007,0.0016227958888648,0.0,0.0
train_01008,7.94072531001997e-05,0.0,0.0
train_01009,0.9957652987814648,0.0,0.0
train_01010,0.0161348179422179,0.0,0.0
train_01011,0.0001345830506935,0.0,0.0
train_01012,0.0008785245540611,0.0,0.0
train_01013,0.0067880071885255,0.0,0.0
train_01014,0.0014889532151701,0.0,0.0
train_01015,0.0049307067731434,0.0,0.0
train_01016,2.01377437018964e-05,0.0,0.0
train_01017,0.0019915581187111,0.0,0.0
train_01018,0.0306708797053728,0.0,0.08277724593610412
train_01019,4.245397687478681e-05,0.0,0.0
train_01020,6.587741620849418e-07,0.0,0.0
train_01021,0.0454129493182264,0.0,0.0
train_01022,0.000646804300626,0.0,0.0
train_01023,0.0114052363703342,0.0,0.0
train_01024,0.0409330816938379,0.0,0.0
train_01025,0.0900997440517153,0.0,0.0
train_01026,0.0038545312444592,0.0,0.0
train_01027,3.845333547594751e-05,0.0,0.0
train_01028,0.0001072480622655,0.0,0.0
train_01029,0.022508068026639,0.0,0.0
train_01030,0.0009229953480857,0.0,0.0
train_01031,0.0022238218127582,0.0,0.0
train_01032,2.695137243595627e-07,0.0,0.0
train_01033,0.001355767935457,0.0,0.0
train_01034,0.0065506585693346,0.0,0.0
train_01035,0.0102399467606045,0.0,0.0
train_01036,0.0004120275484793,0.0,0.0
train_01037,3.247654760672579e-05,0.0,0.0
train_01038,0.0033466889529305,1.0,0.0
train_01039,0.0001747735926857,0.0,0.0
train_01040,0.0007353667532313,0.0,0.0
train_01041,6.028651863370163e-06,0.0,0.0
train_01042,0.0018750949301205,0.0,0.0
train_01043,0.0061797176468551,0.0,0.0
train_01044,2.294731096055022e-05,0.0,0.0
train_01045,0.0095466671217075,0.0,0.037970962934359614
train_01046,0.0212255646463525,0.0,0.462609519161496
train_01047,0.0021322755752386,0.0,0.0
train_01048,0.102912830647865,0.0,0.28327503931457115
train_01049,0.0014973772284785,0.0,0.0
train_01050,6.3537963043883e-08,0.0,0.0
train_01051,0.2697780924363134,0.0,0.0
train_01052,0.0029739877247438,0.0,0.0
train_01053,0.0420455955017288,0.0,0.0
train_01054,1.0875000842154772e-08,0.0,0.0
train_01055,0.0010622322335621,0.0,0.0
train_01056,0.0001791403105549,1.0,0.0
train_01057,0.0502123037474183,0.0,0.5170456746225423
train_01058,0.0010122190681716,0.0,0.0
train_01059,0.004442952031706,0.0,0.17699173217108832
train_01060,0.0006562304527851,0.0,0.0
train_01061,0.0009984241815416,0.5625,0.0
train_01062,0.0010101297551213,0.0,0.0
train_01063,0.001512543638348,0.0,0.0
train_01064,0.0186828395239926,0.0,0.3451339615322053
train_01065,1.2165854524951934e-05,0.0,0.0
train_01066,0.000119749602256,0.0,0.0
train_01067,5.864873371516713e-05,0.0,0.0
train_01068,2.284918163387415e-07,1.0,0.0
train_01069,0.7186599300904658,0.0,0.0
train_01070,0.0002472829813048,0.0,0.0
train_01071,0.0006308121194856,0.0,0.0
train_01072,0.022895087170115,0.0,0.4171609665753151
train_01073,4.516701188192673e-05,0.0,0.0
train_01074,2.7953242387468434e-09,0.0,0.0
train_01075,0.0020937101782057,1.0,0.0
train_01076,0.0014149850825329,0.0,0.0
train_01077,0.0025347810407404,0.0,0.0
train_01078,2.017274231902698e-05,0.0,0.0
train_01079,0.0017660986591399,1.0,0.0
train_01080,0.1019023516483123,0.0,0.0
train_01081,0.0001177623584682,0.0,0.0
train_01082,0.0024090706804191,0.0,0.0
train_01083,3.075303881434477e-08,0.0625,0.0
train_01084,2.620771365476136e-06,0.0,0.0
train_01085,0.0001322305574905,0.0,0.0
train_01086,0.0007064737383589,0.0,0.0
train_01087,0.0006803647204858,0.0,0.0
train_01088,0.1257810642564545,1.0,0.0
train_01089,0.0149242191966951,0.0,0.0
train_01090,0.0404559976663589,0.0,0.0
train_01091,0.0010862621557596,0.0,0.0
train_01092,0.3953871938770539,0.0,0.0
train_01093,0.0626058716820407,0.0,0.0
train_01094,0.0002720817879048,0.0,0.0
train_01095,1.7338200208882875e-09,0.0,0.0
train_01096,0.0009406174023349,0.0,0.0
train_01097,0.0105092778892212,0.0,0.0
train_01098,0.0007702379763117,0.5625,0.0
train_01099,0.042072795605528,0.0,0.0
train_01100,0.9592131013529774,0.0,0.0
train_01101,3.7299864334127406e-06,0.0,0.0
train_01102,0.9783150186520287,0.0,0.0
train_01103,2.3594742559470037e-05,0.0,0.0
train_01104,0.0153279987882381,0.0,0.0
train_01105,0.001054657371347,0.0,0.0
train_01106,4.836889307579693e-05,0.0,0.0
train_01107,0.0413356404374511,0.0,0.0
train_01108,0.0001533381149145,0.0,0.0
train_01109,1.254570579784333e-05,0.0,0.0
train_01110,0.0200349175507738,0.0,0.0
train_01111,0.0002424077132192,0.0,0.0
train_01112,0.0032705478096511,0.0,0.4788501314855638
train_01113,0.0,0.0,0.8459645730875607
train_01114,0.1386225589913205,0.25,0.0
train_01115,0.0840276312630424,0.0,0.0
train_01116,0.0106242778874216,0.0,0.0
train_01117,0.0617850351932713,0.0,0.0
train_01118,0.9345260682678898,1.0,0.0
train_01119,0.9956579134516482,0.0,0.0
train_01120,0.0459285166503132,0.0,0.0
train_01121,5.164507765572021e-05,0.25,0.0
train_01122,0.951997305665426,0.0,0.0
train_01123,0.0621062185196089,0.0,0.0
train_01124,3.865722571840717e-05,0.0,0.0
train_01125,1.6708186270017032e-06,0.0,0.0
train_01126,0.002686434823193,0.0,0.0
train_01127,0.000105537630021,0.0,0.0
train_01128,0.0019537603557562,0.5625,0.0
train_01129,0.0028109001166482,0.0,0.0
train_01130,0.8849050477328377,0.0,0.024456374383167903
train_01131,0.0061566599014914,0.0,0.0
train_01132,0.0003453006719469,0.0,0.0
train_01133,0.997265820420267,0.0,0.0
train_01134,0.0048932745162826,0.0,0.0
train_01135,0.2675333837320417,1.0,0.09619239350205658
train_01136,0.0189618382244053,0.0,0.0
train_01137,0.0012848553302687,0.0,0.0
train_01138,0.0,0.0,0.3
train_01139,0.1539400681660674,0.0,0.015076668627180866
train_01140,0.002444271810778,0.0,0.0
train_01141,0.1473866605321726,0.0,0.21091954382583986
train_01142,3.502652547922715e-07,1.0,0.0
train_01143,0.1996454544847682,0.0,0.0
train_01144,0.0065655402156458,0.0,0.0
train_01145,0.0004428397789429,0.0,0.0
train_01146,0.0002841058616132,0.0,0.0
train_01147,0.0005101719283408,0.0,0.0
train_01148,0.0001197163852729,0.0,0.0
train_01149,0.0086316602338859,0.0,0.0
train_01150,0.0057967951874081,0.0,0.0
train_01151,0.0024552405857391,1.0,0.0
train_01152,0.0429738713972346,1.0,0.0
train_01153,0.0070559063447272,0.0,0.0
train_01154,0.3788659253158253,0.25,0.14379632013233762
train_01155,0.0050545233505931,0.0,0.0
train_01156,0.0008816421368597,0.0,0.0
train_01157,0.0001243632282134,0.0,0.0
train_01158,0.000149489288765,0.0,0.0
train_01159,3.926512176250274e-07,0.0,0.0
train_01160,0.0006252477468598,0.0,0.0
train_01161,0.229023529541288,1.0,0.0
train_01162,0.0401184672273887,0.0,0.0
train_01163,0.0021105408686476,0.0,0.0
train_01164,0.0007349005618207,0.0,0.0
train_01165,0.0020823082910116,0.0,0.0
train_01166,0.0052002749577473,0.0,0.34526718265737316
train_01167,0.0403486864457447,0.0,0.0
train_01168,7.067127614357969e-07,0.0,0.0
train_01169,0.0011580081738752,0.0,0.0
train_01170,0.0001062379849903,0.0,0.0
train_01171,0.0030746053670069,1.0,0.0
train_01172,0.6663670276918856,0.5625,0.0
train_01173,0.1185054595959265,0.0,0.44087402890477595
train_01174,0.180436396153811,0.0,0.0
train_01175,0.0024984993128536,0.0,0.0
train_01176,0.1334818202831036,0.0,0.0
train_01177,0.0541114943095655,0.25,0.0
train_01178,0.0001402949936537,0.0,0.0
train_01179,0.0003515757648808,0.0,0.0
train_01180,0.0142741281408417,0.0,0.0
train_01181,0.0021716113034729,0.0,0.0
train_01182,0.0079552422981773,0.0,0.0
train_01183,0.000119948153343,0.0,0.0
train_01184,0.0029330935510435,0.0,0.3273133176134642
train_01185,1.0029038631464954e-07,0.5625,0.0
train_01186,0.9265049882240234,0.0,0.0
train_01187,0.0150685878077825,0.0,0.06316282817014861
train_01188,2.8177312186495125e-05,0.0,0.0
train_01189,0.0001477438908057,0.0,0.0
train_01190,0.0006906899457809,0.5625,0.0
train_01191,0.0002563077491209,1.0,0.0
train_01192,0.0493525197495937,0.0,0.44198948115492837
train_01193,0.0921194944109135,0.0,0.0
train_01194,0.0121286676560047,0.0,0.0
train_01195,9.97270394689434e-07,0.0,0.0
train_01196,3.20144991731797e-05,0.0,0.0
train_01197,0.8066222522745534,0.0,0.0
train_01198,0.0011103259098969,1.0,0.0
train_01199,3.44454228312965e-05,0.0,0.0
train_01200,0.0048224477142106,0.0,0.0
train_01201,0.0055524245844052,0.0,0.4700802931952276
train_01202,0.0008957354394986,1.0,0.0
train_01203,0.0981823008904757,0.0,0.0
train_01204,0.0020719144157025,0.0,0.0
train_01205,0.0018015648510333,0.0,0.37062165438812655
train_01206,0.0019823476612406,0.0,0.0
train_01207,0.1445773754391042,0.0,0.0
train_01208,0.0082797349498264,0.0,0.632483027248767
train_01209,0.0425466499402848,1.0,0.0
train_01210,7.538014118227648e-05,0.25,0.0
train_01211,7.87900111528571e-06,0.0,0.0
train_01212,7.556348016949479e-05,0.0,0.0
train_01213,1.1495753080329676e-05,0.0,0.0
train_01214,7.82603708694959e-05,0.0,0.0
train_01215,0.0047393017670001,1.0,0.0
train_01216,0.6589632063253871,0.0,0.0652180908403456
train_01217,0.0418638941412482,0.0,0.0
train_01218,0.0143351535328867,0.0,0.16206929018056448
train_01219,9.580586017611092e-06,0.0625,0.0
train_01220,0.0063185462119236,0.0,0.6438988895980118
train_01221,0.0026750640517575,0.0,0.0
train_01222,0.0197324896548742,0.0,0.0
train_01223,0.0,0.0,0.43774703822288064
train_01224,0.0250960429809041,0.0,0.0
train_01225,0.0002792741908697,0.0,0.0
train_01226,1.5023804866842739e-09,0.0,0.0
train_01227,5.434279417278217e-07,0.0,0.0
train_01228,1.7331298670230584e-06,0.0,0.0
train_01229,0.0007268457004432,0.0,0.0
train_01230,6.222557469293121e-11,0.0,0.0
train_01231,0.0010598879224603,0.0,0.0
train_01232,0.0010917256075369,0.0,0.0
train_01233,0.0010283137399642,0.0,0.0
train_01234,0.0011575792158819,0.5625,0.0
train_01235,0.0016038153737852,0.0,0.0
train_01236,0.0008011939001949,0.0,0.0
train_01237,0.0007167176509265,0.0,0.0
train_01238,0.0003982703279953,1.0,0.0
train_01239,2.6277435779586576e-05,0.0,0.0
train_01240,0.0035635011414472,0.0,0.0
train_01241,0.0009281991160581,0.0,0.0
train_01242,0.0,0.0,0.8637373214606021
train_01243,0.0001457770270725,0.0,0.0
train_01244,0.0097672083600464,0.0,0.0
train_01245,0.0128178143305469,0.0,0.3529263359058384
train_01246,5.4058576129114525e-06,0.0,0.0
train_01247,2.7173493834114023e-08,0.0,0.0
train_01248,0.0411703355899182,0.0,0.0
train_01249,0.0014797007321194,0.5625,0.0
train_01250,5.801479579969382e-05,1.0,0.0
train_01251,0.0134760626956764,0.0,0.0
train_01252,0.0804605371897642,0.0,0.0
train_01253,6.531814030098945e-06,0.0,0.0
train_01254,0.0138929757073883,0.0,0.0
train_01255,0.0005008694203089,0.0,0.0
train_01256,5.416075532506148e-06,0.0625,0.0
train_01257,0.0001119721405459,0.0,0.0
train_01258,0.0001652540958445,0.0,0.0
train_01259,1.445269240362752e-05,0.0,0.21079514948475445
train_01260,0.0425433167262654,0.0,0.0
train_01261,0.0005679080082846,0.0,0.0
train_01262,4.938281984259328e-05,0.0,0.0
train_01263,0.0424574678252285,0.0,0.0
train_01264,0.001760038279294,0.0,0.0
train_01265,0.9587536889067578,0.0,0.0
train_01266,3.4804113723829745e-05,0.0,0.0
train_01267,1.552327054562814e-05,0.0,0.0
train_01268,5.641154882188065e-06,0.0,0.0
train_01269,9.103168201412228e-07,0.0,0.0
train_01270,0.0109396542867097,0.0,0.0
train_01271,2.2658765917844467e-07,0.0,0.0
train_01272,1.3731168324671026e-05,0.0,0.0
train_01273,0.0034841704073991,0.0,0.0
train_01274,0.1963120285372074,0.0,0.04303299325261216
train_01275,0.0209004390666763,0.0,0.0
train_01276,0.0002367195142549,0.0,0.0
train_01277,0.0095122865824846,0.0,0.0
train_01278,0.0015954736068174,0.0,0.0
train_01279,3.58777221615158e-06,0.0,0.0
train_01280,0.0012106313951506,0.0,0.0
train_01281,0.0010118396677001,0.0,0.0
train_01282,0.0004416675600422,0.0,0.0
train_01283,0.0,0.0,0.7022317536592801
train_01284,0.000259761297242,0.0,0.0
train_01285,4.4492695498371803e-07,0.0,0.0
train_01286,0.0007345713675059,0.0,0.0
train_01287,0.0043909653667922,0.0,0.0
train_01288,1.551613120146202e-07,0.0,0.0
train_01289,0.0577814017244314,0.0,0.0
train_01290,0.8841727449607412,0.0,0.0
train_01291,0.0400124059368962,0.0,0.0
train_01292,2.087490803242772e-05,0.0,0.0
train_01293,9.008826980347915e-05,0.0,0.0
train_01294,5.214983656826704e-07,0.0,0.0
train_01295,0.111289264394937,0.0,0.0
train_01296,0.0327411683546003,0.0,0.0
train_01297,8.317603291728079e-06,0.0,0.0
train_01298,0.0054735664370359,0.0,0.0
train_01299,0.0050398951452915,0.0,0.0
train_01300,0.9459498130158271,0.0,0.0
train_01301,0.0011890441177371,0.0,0.0
train_01302,0.1712001004407805,0.0,0.0
train_01303,6.522883218162361e-05,0.0,0.0
train_01304,0.0005587553397083,0.0,0.0
train_01305,0.0014281268570247,0.0,0.0
train_01306,1.3197957041152917e-05,0.0,0.0
train_01307,0.002396241982196,0.0,0.3363637880475368
train_01308,1.5266055184649902e-05,0.0,0.0
train_01309,0.0007360277208973,0.25,0.0
train_01310,5.076842192818752e-05,0.0,0.0
train_01311,0.020407644352384,0.0,0.0
train_01312,0.0011062112597053,0.0,0.0
train_01313,0.0004257635458343,0.0,0.0
train_01314,0.0005018999260156,0.0,0.0
train_01315,0.0598757327235404,1.0,0.18290560301907324
train_01316,0.0006660193006702,0.0,0.0
train_01317,0.002968032325034,0.0,0.0
train_01318,0.0283510727556794,0.0,0.0
train_01319,0.9946678306099074,0.0,0.0
train_01320,0.0025327741673677,0.0,0.0
train_01321,0.0019926272947767,0.0,0.4298617032877653
train_01322,4.817897223326679e-05,0.0,0.0
train_01323,0.0001680442254361,0.0,0.0
train_01324,3.76033543707879e-07,0.0,0.0
train_01325,0.001158894183269,1.0,0.0
train_01326,0.0018264958697337,1.0,0.0
train_01327,0.0092879945863316,0.0,0.0
train_01328,0.0420550155827723,0.0,0.0
train_01329,0.0442266158240552,0.0,0.0
train_01330,1.0064981807451694e-06,0.0,0.0
train_01331,0.0082733828392052,0.0,0.0
train_01332,0.2037888458379281,0.0,0.0
train_01333,0.0002686138573917,0.0,0.0
train_01334,0.1471871781789716,0.0,0.0
train_01335,5.124867702741093e-07,0.0,0.0
train_01336,4.6895050575329e-06,0.5625,0.0
train_01337,0.6080258057363253,0.0,0.0
train_01338,0.0018818953888842,0.0,0.0
train_01339,0.0373065129558071,0.0,0.22826462147472423
train_01340,5.325740273346884e-05,0.0,0.0
train_01341,0.0259859120315161,0.0,0.1354296833799027
train_01342,0.0012415632982678,0.0,0.0
train_01343,0.1863256874875652,1.0,0.0
train_01344,0.040034515191743,0.0,0.0
train_01345,0.0064585316351642,0.0,0.0
train_01346,0.0012216922028402,0.0,0.0
train_01347,0.0148752342049045,0.0,0.0
train_01348,0.059779348336851,0.0,0.0
train_01349,0.0015745994893634,0.0,0.0
train_01350,0.0160970885869315,0.0,0.0
train_01351,6.981916001164891e-07,0.0,0.0
train_01352,0.20473082759799,0.0,0.0
train_01353,0.0448281472430225,0.0,0.0
train_01354,0.011859230911464,0.0,0.0
train_01355,5.6516109843610016e-05,0.5625,0.0
train_01356,0.0001180156723441,0.0,0.0
train_01357,1.3492872113594412e-05,0.0,0.0
train_01358,6.0328125931403566e-05,0.0,0.0
train_01359,0.0010487510485588,0.0,0.0
train_01360,0.015804804504072,0.0,0.0
train_01361,0.0413190105854118,0.0,0.0
train_01362,0.001325027146063,0.0,0.0
train_01363,0.0050450986157967,0.0,0.0
train_01364,0.0008580883438804,0.0,0.0
train_01365,0.0031865260586481,0.0,0.0
