id,dusty_prob_R0,dusty_prob_R1,dusty_prob_R2,diff_R1_minus_R0,abs_diff_R1_vs_R0,diff_R2_minus_R0,abs_diff_R2_vs_R0,diff_R2_minus_R1,abs_diff_R2_vs_R1
test_00000,0.9756699204444884,0.8367052674293518,0.881159245967865,-0.1389646530151366,0.1389646530151366,-0.09451067447662342,0.09451067447662342,0.044453978538513184,0.044453978538513184
test_00001,0.0532455407083034,0.7590540051460266,0.8235925436019897,0.7058084644377232,0.7058084644377232,0.7703470028936863,0.7703470028936863,0.06453853845596313,0.06453853845596313
test_00002,0.0150398099794983,0.7654800415039062,0.7584211826324463,0.750440231524408,0.750440231524408,0.743381372652948,0.743381372652948,-0.007058858871459961,0.007058858871459961
test_00003,0.0318736396729946,0.1488122195005417,0.1328435838222503,0.11693857982754709,0.11693857982754709,0.10096994414925571,0.10096994414925571,-0.015968635678291376,0.015968635678291376
test_00004,0.2525309026241302,0.8994045853614807,0.8666286468505859,0.6468736827373505,0.6468736827373505,0.6140977442264557,0.6140977442264557,-0.032775938510894775,0.032775938510894775
test_00005,0.2083085477352142,0.9240847826004028,0.9287229180336,0.7157762348651886,0.7157762348651886,0.7204143702983857,0.7204143702983857,0.0046381354331971325,0.0046381354331971325
test_00006,0.0087442807853221,0.0109485629945993,0.0325768329203128,0.0022042822092772,0.0022042822092772,0.0238325521349907,0.0238325521349907,0.021628269925713497,0.021628269925713497
test_00007,0.0100757600739598,0.95405250787735,0.96687650680542,0.9439767478033901,0.9439767478033901,0.9568007467314602,0.9568007467314602,0.012823998928070068,0.012823998928070068
test_00008,0.0368065424263477,0.2125612050294876,0.2116807103157043,0.1757546626031399,0.1757546626031399,0.17487416788935659,0.17487416788935659,-0.0008804947137833197,0.0008804947137833197
test_00009,0.6729772686958313,0.9326629042625428,0.930178165435791,0.25968563556671154,0.25968563556671154,0.2572008967399597,0.2572008967399597,-0.00248473882675182,0.00248473882675182
test_00010,0.0045792516320943,0.0134689100086689,0.0147831030189991,0.0088896583765746,0.0088896583765746,0.0102038513869048,0.0102038513869048,0.0013141930103302002,0.0013141930103302002
test_00011,0.995189905166626,0.936164617538452,0.9344793558120728,-0.05902528762817394,0.05902528762817394,-0.06071054935455322,0.06071054935455322,-0.0016852617263792835,0.0016852617263792835
test_00012,0.7770262956619263,0.9773502349853516,0.9828925132751464,0.2003239393234253,0.2003239393234253,0.2058662176132201,0.2058662176132201,0.005542278289794811,0.005542278289794811
test_00013,0.0026556977536529,0.0107087101787328,0.0200321543961763,0.0080530124250799,0.0080530124250799,0.0173764566425234,0.0173764566425234,0.009323444217443501,0.009323444217443501
test_00014,0.8265569806098938,0.888619601726532,0.8638388514518738,0.062062621116638184,0.062062621116638184,0.03728187084197998,0.03728187084197998,-0.024780750274658203,0.024780750274658203
test_00015,0.0153852868825197,0.0499771982431411,0.0700408220291137,0.0345919113606214,0.0345919113606214,0.054655535146594,0.054655535146594,0.020063623785972602,0.020063623785972602
test_00016,0.0001027425169013,0.2551427781581878,0.2855836153030395,0.2550400356412865,0.2550400356412865,0.2854808727861382,0.2854808727861382,0.030440837144851685,0.030440837144851685
test_00017,0.1190615147352218,0.9604176878929138,0.943858563899994,0.8413561731576921,0.8413561731576921,0.8247970491647723,0.8247970491647723,-0.01655912399291981,0.01655912399291981
test_00018,0.4387127459049225,0.8591472506523132,0.8652886152267456,0.42043450474739075,0.42043450474739075,0.4265758693218231,0.4265758693218231,0.006141364574432373,0.006141364574432373
test_00019,0.0346295647323131,0.0147162321954965,0.008218134753406,-0.0199133325368166,0.0199133325368166,-0.0264114299789071,0.0264114299789071,-0.006498097442090501,0.006498097442090501
test_00020,0.0135174905881285,0.0879087969660759,0.1097889766097068,0.0743913063779474,0.0743913063779474,0.0962714860215783,0.0962714860215783,0.021880179643630898,0.021880179643630898
test_00021,0.9994710087776184,0.990051567554474,0.9949132204055786,-0.00941944122314442,0.00941944122314442,-0.004557788372039795,0.004557788372039795,0.004861652851104625,0.004861652851104625
test_00022,0.0856414511799812,0.9653262495994568,0.988529622554779,0.8796847984194756,0.8796847984194756,0.9028881713747978,0.9028881713747978,0.023203372955322266,0.023203372955322266
test_00023,0.0058877351693809,0.0582358539104461,0.0379571802914142,0.052348118741065194,0.052348118741065194,0.0320694451220333,0.0320694451220333,-0.0202786736190319,0.0202786736190319
test_00024,0.0180695690214633,0.00454722950235,0.0051004402339458,-0.0135223395191133,0.0135223395191133,-0.0129691287875175,0.0129691287875175,0.0005532107315957997,0.0005532107315957997
test_00025,0.0768867135047912,0.9629120826721193,0.9676786661148072,0.8860253691673281,0.8860253691673281,0.8907919526100161,0.8907919526100161,0.004766583442687988,0.004766583442687988
test_00026,0.6804014444351196,0.9517183303833008,0.9396358132362366,0.27131688594818115,0.27131688594818115,0.25923436880111694,0.25923436880111694,-0.012082517147064209,0.012082517147064209
test_00027,0.9770553112030028,0.981907308101654,0.9587088227272034,0.004851996898651234,0.004851996898651234,-0.01834648847579945,0.01834648847579945,-0.023198485374450684,0.023198485374450684
test_00028,0.326137363910675,0.3528313040733337,0.5950397253036499,0.02669394016265869,0.02669394016265869,0.2689023613929749,0.2689023613929749,0.24220842123031622,0.24220842123031622
test_00029,0.001936187967658,0.8742479085922241,0.9016947746276855,0.8723117206245661,0.8723117206245661,0.8997585866600275,0.8997585866600275,0.027446866035461426,0.027446866035461426
test_00030,6.8298550104373135e-06,0.0012882535811513,0.0015970879467204,0.0012814237261408628,0.0012814237261408628,0.0015902580917099628,0.0015902580917099628,0.00030883436556909997,0.00030883436556909997
test_00031,0.0064360718242824,0.0153808025643229,0.0100094825029373,0.008944730740040499,0.008944730740040499,0.0035734106786548996,0.0035734106786548996,-0.0053713200613856,0.0053713200613856
test_00032,0.9952136278152466,0.985508143901825,0.983660876750946,-0.00970548391342163,0.00970548391342163,-0.011552751064300537,0.011552751064300537,-0.0018472671508789062,0.0018472671508789062
test_00033,0.0187306925654411,0.5254616737365723,0.3878499567508697,0.5067309811711311,0.5067309811711311,0.3691192641854286,0.3691192641854286,-0.13761171698570257,0.13761171698570257
test_00034,0.0592678114771842,0.1472056061029434,0.159635990858078,0.0879377946257592,0.0879377946257592,0.1003681793808938,0.1003681793808938,0.01243038475513461,0.01243038475513461
test_00035,0.0369325652718544,0.1439594775438308,0.0912106111645698,0.10702691227197639,0.10702691227197639,0.0542780458927154,0.0542780458927154,-0.05274886637926099,0.05274886637926099
test_00036,0.9272290468215942,0.6958612203598022,0.7434593439102173,-0.231367826461792,0.231367826461792,-0.18376970291137695,0.18376970291137695,0.04759812355041504,0.04759812355041504
test_00037,0.5346365571022034,0.9125451445579528,0.8663485050201416,0.3779085874557494,0.3779085874557494,0.33171194791793823,0.33171194791793823,-0.04619663953781117,0.04619663953781117
test_00038,0.0719568878412246,0.4005114436149597,0.4540977776050567,0.3285545557737351,0.3285545557737351,0.3821408897638321,0.3821408897638321,0.05358633399009699,0.05358633399009699
test_00039,0.0707350149750709,0.8452455401420593,0.8765891790390015,0.7745105251669884,0.7745105251669884,0.8058541640639305,0.8058541640639305,0.03134363889694214,0.03134363889694214
test_00040,0.3878303468227386,0.9984782338142396,0.9993491768836976,0.6106478869915011,0.6106478869915011,0.6115188300609591,0.6115188300609591,0.0008709430694580078,0.0008709430694580078
test_00041,0.9915207028388976,0.9679266810417176,0.9866117238998412,-0.023594021797179954,0.023594021797179954,-0.0049089789390563965,0.0049089789390563965,0.018685042858123557,0.018685042858123557
test_00042,0.1139031648635864,0.0050301104784011,0.0116122271865606,-0.1088730543851853,0.1088730543851853,-0.1022909376770258,0.1022909376770258,0.0065821167081595,0.0065821167081595
test_00043,0.0226722061634063,0.0089780017733573,0.0077800140716135,-0.013694204390049,0.013694204390049,-0.0148921920917928,0.0148921920917928,-0.0011979877017437995,0.0011979877017437995
test_00044,0.0369887016713619,0.0124202761799097,0.0112316217273473,-0.024568425491452203,0.024568425491452203,-0.025757079944014605,0.025757079944014605,-0.0011886544525623998,0.0011886544525623998
test_00045,0.0497452579438686,0.2207954674959182,0.4195641875267029,0.17105020955204958,0.17105020955204958,0.3698189295828343,0.3698189295828343,0.1987687200307847,0.1987687200307847
test_00046,0.9299920201301576,0.2810653150081634,0.3419874310493469,-0.6489267051219942,0.6489267051219942,-0.5880045890808107,0.5880045890808107,0.06092211604118353,0.06092211604118353
test_00047,0.10153079777956,0.8981437683105469,0.8896204233169556,0.7966129705309869,0.7966129705309869,0.7880896255373956,0.7880896255373956,-0.008523344993591309,0.008523344993591309
test_00048,0.1770389974117279,0.6295789480209351,0.7124159336090088,0.45253995060920715,0.45253995060920715,0.5353769361972809,0.5353769361972809,0.08283698558807373,0.08283698558807373
test_00049,0.3451437950134277,0.427271157503128,0.550515353679657,0.08212736248970032,0.08212736248970032,0.2053715586662293,0.2053715586662293,0.12324419617652899,0.12324419617652899
test_00050,0.0190499052405357,0.570306122303009,0.5223372578620911,0.5512562170624733,0.5512562170624733,0.5032873526215553,0.5032873526215553,-0.04796886444091797,0.04796886444091797
test_00051,0.2536132633686065,0.9082119464874268,0.9353776574134828,0.6545986831188202,0.6545986831188202,0.6817643940448763,0.6817643940448763,0.02716571092605602,0.02716571092605602
test_00052,0.9973340034484864,0.997636079788208,0.9979385733604432,0.00030207633972156867,0.00030207633972156867,0.0006045699119567871,0.0006045699119567871,0.00030249357223521844,0.00030249357223521844
test_00053,0.9985358715057372,0.950895369052887,0.9716067910194396,-0.04764050245285023,0.04764050245285023,-0.026929080486297607,0.026929080486297607,0.020711421966552623,0.020711421966552623
test_00054,0.3080796003341675,0.4716675281524658,0.5783748030662537,0.16358792781829834,0.16358792781829834,0.2702952027320862,0.2702952027320862,0.10670727491378784,0.10670727491378784
test_00055,0.0124136563390493,0.4799762368202209,0.5255429744720459,0.4675625804811716,0.4675625804811716,0.5131293181329966,0.5131293181329966,0.04556673765182501,0.04556673765182501
test_00056,0.0959767624735832,0.892144501209259,0.9270583391189576,0.7961677387356758,0.7961677387356758,0.8310815766453744,0.8310815766453744,0.0349138379096986,0.0349138379096986
test_00057,0.0842719376087188,0.4415907263755798,0.40279221534729,0.35731878876686096,0.35731878876686096,0.31852027773857117,0.31852027773857117,-0.038798511028289795,0.038798511028289795
test_00058,0.2566446661949157,0.1115105003118515,0.1846797466278076,-0.14513416588306421,0.14513416588306421,-0.07196491956710813,0.07196491956710813,0.07316924631595609,0.07316924631595609
test_00059,0.9333634972572328,0.999650239944458,0.999823272228241,0.06628674268722523,0.06628674268722523,0.06645977497100819,0.06645977497100819,0.00017303228378295898,0.00017303228378295898
test_00060,0.6799877285957336,0.9335695505142212,0.8953062891960144,0.25358182191848755,0.25358182191848755,0.21531856060028076,0.21531856060028076,-0.03826326131820679,0.03826326131820679
test_00061,0.7842777967453003,0.6013123393058777,0.7518686652183533,-0.1829654574394226,0.1829654574394226,-0.03240913152694702,0.03240913152694702,0.15055632591247559,0.15055632591247559
test_00062,0.9986236095428468,0.9998840093612672,0.9998676776885986,0.0012603998184204102,0.0012603998184204102,0.001244068145751842,0.001244068145751842,-1.6331672668568054e-05,1.6331672668568054e-05
test_00063,0.9954788684844972,0.9940311312675476,0.9970585107803344,-0.001447737216949574,0.001447737216949574,0.0015796422958371803,0.0015796422958371803,0.003027379512786754,0.003027379512786754
test_00064,5.756895120612171e-07,0.0010335880797356,0.0009042787132784,0.0010330123902235388,0.0010330123902235388,0.0009037030237663388,0.0009037030237663388,-0.00012930936645720007,0.00012930936645720007
test_00065,0.9984278678894044,0.9911500215530396,0.9872419834136964,-0.007277846336364857,0.007277846336364857,-0.011185884475708008,0.011185884475708008,-0.003908038139343151,0.003908038139343151
test_00066,0.0107471710070967,0.4115637838840484,0.5087952017784119,0.4008166128769517,0.4008166128769517,0.49804803077131515,0.49804803077131515,0.09723141789436346,0.09723141789436346
test_00067,0.000391353998566,0.0679134055972099,0.1703017801046371,0.0675220515986439,0.0675220515986439,0.1699104261060711,0.1699104261060711,0.10238837450742719,0.10238837450742719
test_00068,0.0286279637366533,0.1775420904159546,0.1856180727481842,0.1489141266793013,0.1489141266793013,0.1569901090115309,0.1569901090115309,0.008075982332229614,0.008075982332229614
test_00069,0.0151548217982053,0.0568465627729892,0.0791083127260208,0.0416917409747839,0.0416917409747839,0.06395349092781549,0.06395349092781549,0.022261749953031602,0.022261749953031602
test_00070,0.8033109307289124,0.3132476806640625,0.2563453316688537,-0.49006325006484985,0.49006325006484985,-0.5469655990600586,0.5469655990600586,-0.056902348995208796,0.056902348995208796
test_00071,0.0003596154274418,0.0111919334158301,0.0099008688703179,0.010832317988388301,0.010832317988388301,0.0095412534428761,0.0095412534428761,-0.0012910645455122011,0.0012910645455122011
test_00072,0.1136653944849968,0.0755046159029007,0.0876600369811058,-0.0381607785820961,0.0381607785820961,-0.02600535750389099,0.02600535750389099,0.012155421078205109,0.012155421078205109
test_00073,0.058618139475584,0.0274510029703378,0.0414316803216934,-0.031167136505246204,0.031167136505246204,-0.017186459153890603,0.017186459153890603,0.013980677351355601,0.013980677351355601
test_00074,0.9999746084213256,0.990415096282959,0.9863650798797609,-0.009559512138366588,0.009559512138366588,-0.01360952854156472,0.01360952854156472,-0.004050016403198131,0.004050016403198131
test_00075,0.000259189371718,0.0539686642587184,0.1301211863756179,0.053709474887000404,0.053709474887000404,0.1298619970038999,0.1298619970038999,0.07615252211689949,0.07615252211689949
test_00076,0.0005845293053425,0.9696608781814576,0.9788097739219666,0.9690763488761152,0.9690763488761152,0.9782252446166241,0.9782252446166241,0.009148895740508922,0.009148895740508922
test_00077,0.1667805612087249,0.2568612098693847,0.2925591468811035,0.09008064866065982,0.09008064866065982,0.12577858567237862,0.12577858567237862,0.035697937011718806,0.035697937011718806
test_00078,0.0041900458745658,0.0304279848933219,0.0319568514823913,0.026237939018756103,0.026237939018756103,0.027766805607825504,0.027766805607825504,0.0015288665890694011,0.0015288665890694011
test_00079,0.9998177886009216,0.9997504353523254,0.9996702671051024,-6.73532485961914e-05,6.73532485961914e-05,-0.00014752149581920282,0.00014752149581920282,-8.016824722301141e-05,8.016824722301141e-05
test_00080,0.3426289558410644,0.2955586016178131,0.2748211920261383,-0.04707035422325129,0.04707035422325129,-0.06780776381492609,0.06780776381492609,-0.020737409591674805,0.020737409591674805
test_00081,0.0210453607141971,0.5519123673439026,0.6469585299491882,0.5308670066297055,0.5308670066297055,0.6259131692349912,0.6259131692349912,0.09504616260528564,0.09504616260528564
test_00082,0.0369472242891788,0.9524544477462769,0.927678406238556,0.915507223457098,0.915507223457098,0.8907311819493772,0.8907311819493772,-0.024776041507720836,0.024776041507720836
test_00083,0.4537625014781952,0.7933005094528198,0.8568747043609619,0.33953800797462463,0.33953800797462463,0.4031122028827667,0.4031122028827667,0.06357419490814209,0.06357419490814209
test_00084,0.2155045568943023,0.0074585252441465,0.0066636609844863,-0.2080460316501558,0.2080460316501558,-0.20884089590981603,0.20884089590981603,-0.0007948642596601998,0.0007948642596601998
test_00085,0.0484517067670822,0.1836726814508438,0.2840175628662109,0.1352209746837616,0.1352209746837616,0.23556585609912867,0.23556585609912867,0.10034488141536707,0.10034488141536707
test_00086,0.1594950854778289,0.1361467987298965,0.2845374643802643,-0.023348286747932406,0.023348286747932406,0.12504237890243539,0.12504237890243539,0.1483906656503678,0.1483906656503678
test_00087,0.0461522340774536,0.7156461477279663,0.8032324314117432,0.6694939136505127,0.6694939136505127,0.7570801973342896,0.7570801973342896,0.08758628368377686,0.08758628368377686
test_00088,0.2028104215860366,0.1022368967533111,0.1625764816999435,-0.1005735248327255,0.1005735248327255,-0.04023393988609311,0.04023393988609311,0.060339584946632385,0.060339584946632385
test_00089,0.8458680510520935,0.9624542593955994,0.939095139503479,0.11658620834350586,0.11658620834350586,0.0932270884513855,0.0932270884513855,-0.02335911989212036,0.02335911989212036
test_00090,0.9472926259040833,0.9861956834793092,0.987790584564209,0.03890305757522594,0.03890305757522594,0.04049795866012573,0.04049795866012573,0.0015949010848997913,0.0015949010848997913
test_00091,0.0003708402509801,0.4368027448654175,0.5214775204658508,0.43643190461443737,0.43643190461443737,0.5211066802148707,0.5211066802148707,0.08467477560043335,0.08467477560043335
test_00092,0.0017535256920382,0.158769816160202,0.4499190151691437,0.1570162904681638,0.1570162904681638,0.4481654894771055,0.4481654894771055,0.29114919900894165,0.29114919900894165
test_00093,0.1161943078041076,0.0206792410463094,0.0167580619454383,-0.0955150667577982,0.0955150667577982,-0.0994362458586693,0.0994362458586693,-0.0039211791008711,0.0039211791008711
test_00094,7.68215541029349e-05,5.645553301292239e-06,2.7460719138616696e-05,-7.117600080164266e-05,7.117600080164266e-05,-4.93608349643182e-05,4.93608349643182e-05,2.1815165837324457e-05,2.1815165837324457e-05
test_00095,0.1446002721786499,0.4667215049266815,0.6499558091163635,0.3221212327480316,0.3221212327480316,0.5053555369377136,0.5053555369377136,0.183234304189682,0.183234304189682
test_00096,0.2445777952671051,0.0132941370829939,0.0114251552149653,-0.2312836581841112,0.2312836581841112,-0.23315264005213981,0.23315264005213981,-0.0018689818680285991,0.0018689818680285991
test_00097,0.0103503335267305,0.5183342099189758,0.6946120262145996,0.5079838763922453,0.5079838763922453,0.6842616926878691,0.6842616926878691,0.17627781629562378,0.17627781629562378
test_00098,0.8076850175857544,0.9929433465003968,0.9914299845695496,0.18525832891464245,0.18525832891464245,0.18374496698379517,0.18374496698379517,-0.001513361930847279,0.001513361930847279
test_00099,0.3214248120784759,0.0192479137331247,0.0617629587650299,-0.3021768983453512,0.3021768983453512,-0.259661853313446,0.259661853313446,0.0425150450319052,0.0425150450319052
test_00100,0.8948200941085815,0.9054384231567384,0.8992910981178284,0.01061832904815685,0.01061832904815685,0.004471004009246826,0.004471004009246826,-0.006147325038910023,0.006147325038910023
test_00101,0.5623433589935303,0.9795296788215636,0.9429444074630736,0.41718631982803334,0.41718631982803334,0.38060104846954335,0.38060104846954335,-0.03658527135848999,0.03658527135848999
test_00102,0.0814297273755073,0.9039403200149536,0.9212077260017396,0.8225105926394463,0.8225105926394463,0.8397779986262324,0.8397779986262324,0.017267405986786,0.017267405986786
test_00103,0.0008652898250147,0.015537747181952,0.0167190358042716,0.014672457356937299,0.014672457356937299,0.0158537459792569,0.0158537459792569,0.0011812886223196012,0.0011812886223196012
test_00104,0.0004689601773861,0.1104361116886138,0.234982818365097,0.1099671515112277,0.1099671515112277,0.2345138581877109,0.2345138581877109,0.1245467066764832,0.1245467066764832
test_00105,0.9900978803634644,0.7995101809501648,0.7862915396690369,-0.19058769941329956,0.19058769941329956,-0.2038063406944275,0.2038063406944275,-0.01321864128112793,0.01321864128112793
test_00106,0.9993478655815125,0.9453297853469848,0.9482561945915222,-0.0540180802345277,0.0540180802345277,-0.051091670989990234,0.051091670989990234,0.0029264092445374645,0.0029264092445374645
test_00107,0.9720308780670166,0.7906463742256165,0.7996515035629272,-0.18138450384140015,0.18138450384140015,-0.17237937450408936,0.17237937450408936,0.009005129337310791,0.009005129337310791
test_00108,0.0850868001580238,0.2746133208274841,0.414671391248703,0.18952652066946027,0.18952652066946027,0.32958459109067917,0.32958459109067917,0.14005807042121893,0.14005807042121893
test_00109,0.0562469735741615,0.053053118288517,0.1025740802288055,-0.0031938552856445035,0.0031938552856445035,0.046327106654644,0.046327106654644,0.0495209619402885,0.0495209619402885
test_00110,0.5407758355140686,0.923069179058075,0.962246835231781,0.38229334354400635,0.38229334354400635,0.4214709997177124,0.4214709997177124,0.039177656173706055,0.039177656173706055
test_00111,0.8064168691635132,0.2783147394657135,0.3560759425163269,-0.5281021296977997,0.5281021296977997,-0.4503409266471863,0.4503409266471863,0.0777612030506134,0.0777612030506134
test_00112,0.0800422802567482,0.9497758150100708,0.9303611516952516,0.8697335347533226,0.8697335347533226,0.8503188714385034,0.8503188714385034,-0.019414663314819225,0.019414663314819225
test_00113,0.0017577441176399,0.0441687852144241,0.1226114407181739,0.042411041096784195,0.042411041096784195,0.120853696600534,0.120853696600534,0.07844265550374979,0.07844265550374979
test_00114,0.5147914290428162,0.7891952991485596,0.8546938896179199,0.2744038701057434,0.2744038701057434,0.33990246057510376,0.33990246057510376,0.06549859046936035,0.06549859046936035
test_00115,0.2288200110197067,0.9277756810188292,0.9820809960365297,0.6989556699991225,0.6989556699991225,0.7532609850168229,0.7532609850168229,0.05430531501770042,0.05430531501770042
test_00116,0.7858821153640747,0.9604644179344176,0.9812747836112976,0.1745823025703429,0.1745823025703429,0.1953926682472229,0.1953926682472229,0.020810365676879994,0.020810365676879994
test_00117,0.0468902215361595,0.2440435737371444,0.2116186320781707,0.1971533522009849,0.1971533522009849,0.1647284105420112,0.1647284105420112,-0.032424941658973694,0.032424941658973694
test_00118,0.8485807776451111,0.9814385771751404,0.9880084991455078,0.1328577995300293,0.1328577995300293,0.13942772150039673,0.13942772150039673,0.006569921970367432,0.006569921970367432
test_00119,4.242711656843312e-05,0.0129217682406306,0.0106216287240386,0.012879341124062168,0.012879341124062168,0.010579201607470166,0.010579201607470166,-0.0023001395165920015,0.0023001395165920015
test_00120,0.1287474632263183,0.5617132186889648,0.4399386644363403,0.43296575546264654,0.43296575546264654,0.311191201210022,0.311191201210022,-0.12177455425262457,0.12177455425262457
test_00121,0.6732378602027893,0.9997480511665344,0.999745547771454,0.3265101909637451,0.3265101909637451,0.32650768756866466,0.32650768756866466,-2.503395080455384e-06,2.503395080455384e-06
test_00122,6.961006874917075e-05,0.2637991607189178,0.3871061205863952,0.2637295506501686,0.2637295506501686,0.38703651051764604,0.38703651051764604,0.12330695986747742,0.12330695986747742
test_00123,0.9847826361656188,0.9493207335472108,0.9863709807395936,-0.03546190261840798,0.03546190261840798,0.0015883445739748314,0.0015883445739748314,0.03705024719238281,0.03705024719238281
test_00124,0.0348968468606472,0.0274483282119035,0.1078860983252525,-0.007448518648743702,0.007448518648743702,0.0729892514646053,0.0729892514646053,0.080437770113349,0.080437770113349
test_00125,0.0600855872035026,0.5313441753387451,0.6363036036491394,0.4712585881352425,0.4712585881352425,0.5762180164456367,0.5762180164456367,0.10495942831039429,0.10495942831039429
test_00126,0.4159042835235595,0.8410341739654541,0.8871052861213684,0.4251298904418946,0.4251298904418946,0.4712010025978089,0.4712010025978089,0.04607111215591431,0.04607111215591431
test_00127,0.9584230184555054,0.8912732601165771,0.9272912740707396,-0.06714975833892822,0.06714975833892822,-0.031131744384765736,0.031131744384765736,0.03601801395416249,0.03601801395416249
test_00128,0.0540798902511596,0.0267598293721675,0.0571349151432514,-0.027320060878992098,0.027320060878992098,0.0030550248920917997,0.0030550248920917997,0.030375085771083898,0.030375085771083898
test_00129,0.993306577205658,0.9991003274917604,0.9992601275444032,0.005793750286102406,0.005793750286102406,0.005953550338745228,0.005953550338745228,0.00015980005264282227,0.00015980005264282227
test_00130,0.1052028313279151,0.9806087613105774,0.965486705303192,0.8754059299826623,0.8754059299826623,0.860283873975277,0.860283873975277,-0.015122056007385365,0.015122056007385365
test_00131,0.5588856935501099,0.0045709302648901,0.0054448912851512,-0.5543147632852198,0.5543147632852198,-0.5534408022649586,0.5534408022649586,0.0008739610202610996,0.0008739610202610996
test_00132,0.7528712749481201,0.990898847579956,0.9938198924064636,0.23802757263183594,0.23802757263183594,0.2409486174583435,0.2409486174583435,0.0029210448265075684,0.0029210448265075684
test_00133,0.9957626461982728,0.9989413619041444,0.9988386034965516,0.003178715705871582,0.003178715705871582,0.0030759572982788086,0.0030759572982788086,-0.00010275840759277344,0.00010275840759277344
test_00134,0.0068102278746664,0.0306729394942522,0.0144860064610838,0.0238627116195858,0.0238627116195858,0.0076757785864174,0.0076757785864174,-0.0161869330331684,0.0161869330331684
test_00135,0.0017305292421951,0.6420809626579285,0.6412500739097595,0.6403504334157334,0.6403504334157334,0.6395195446675644,0.6395195446675644,-0.0008308887481689453,0.0008308887481689453
test_00136,0.0470821633934974,0.1961866617202758,0.2433394491672516,0.1491044983267784,0.1491044983267784,0.19625728577375418,0.19625728577375418,0.04715278744697579,0.04715278744697579
test_00137,0.8945735096931458,0.7194900512695312,0.7979100346565247,-0.1750834584236145,0.1750834584236145,-0.0966634750366211,0.0966634750366211,0.07841998338699341,0.07841998338699341
test_00138,0.9426945447921752,0.7124995589256287,0.7270792126655579,-0.23019498586654652,0.23019498586654652,-0.21561533212661732,0.21561533212661732,0.0145796537399292,0.0145796537399292
test_00139,0.9987564086914062,0.9954818487167358,0.996107280254364,-0.00327455997467041,0.00327455997467041,-0.0026491284370422363,0.0026491284370422363,0.0006254315376281738,0.0006254315376281738
test_00140,0.0597781985998153,0.0139952348545193,0.0115466983988881,-0.045782963745296,0.045782963745296,-0.0482315002009272,0.0482315002009272,-0.002448536455631199,0.002448536455631199
test_00141,0.0035611141938716,0.4151478111743927,0.5763289928436279,0.4115866969805211,0.4115866969805211,0.5727678786497563,0.5727678786497563,0.16118118166923523,0.16118118166923523
test_00142,4.1389236571376397e-07,0.0054314490407705,0.005785759538412,0.005431035148404787,0.005431035148404787,0.005785345646046286,0.005785345646046286,0.00035431049764149923,0.00035431049764149923
test_00143,0.1010757759213447,0.0384606458246707,0.1112041100859642,-0.062615130096674,0.062615130096674,0.010128334164619501,0.010128334164619501,0.0727434642612935,0.0727434642612935
test_00144,0.5522992610931396,0.7655341029167175,0.8708733320236206,0.21323484182357788,0.21323484182357788,0.31857407093048096,0.31857407093048096,0.10533922910690308,0.10533922910690308
test_00145,0.1303716897964477,0.8121541142463684,0.8172279596328735,0.6817824244499207,0.6817824244499207,0.6868562698364258,0.6868562698364258,0.005073845386505127,0.005073845386505127
test_00146,0.9881364107131958,0.9945488572120668,0.9979429841041564,0.006412446498870961,0.006412446498870961,0.009806573390960582,0.009806573390960582,0.0033941268920896217,0.0033941268920896217
test_00147,0.8329179883003235,0.9821591973304749,0.9924132227897644,0.14924120903015137,0.14924120903015137,0.15949523448944092,0.15949523448944092,0.01025402545928955,0.01025402545928955
test_00148,0.8658983111381531,0.9815407991409302,0.9816588759422302,0.1156424880027771,0.1156424880027771,0.11576056480407715,0.11576056480407715,0.00011807680130004883,0.00011807680130004883
test_00149,0.9634025692939758,0.9716132879257202,0.9825387001037598,0.008210718631744385,0.008210718631744385,0.019136130809783936,0.019136130809783936,0.01092541217803955,0.01092541217803955
test_00150,0.8325453400611877,0.5116494297981262,0.6111521124839783,-0.3208959102630615,0.3208959102630615,-0.22139322757720947,0.22139322757720947,0.09950268268585205,0.09950268268585205
test_00151,0.6907867789268494,0.2041622400283813,0.2802442908287048,-0.4866245388984681,0.4866245388984681,-0.4105424880981446,0.4105424880981446,0.07608205080032349,0.07608205080032349
test_00152,0.0087529718875885,0.0471989698708057,0.0434662029147148,0.0384459979832172,0.0384459979832172,0.0347132310271263,0.0347132310271263,-0.0037327669560908994,0.0037327669560908994
test_00153,0.0054385345429182,0.104628100991249,0.1495645493268966,0.0991895664483308,0.0991895664483308,0.1441260147839784,0.1441260147839784,0.04493644833564761,0.04493644833564761
test_00154,0.7337064146995544,0.891260027885437,0.9842743277549744,0.15755361318588257,0.15755361318588257,0.2505679130554199,0.2505679130554199,0.09301429986953735,0.09301429986953735
test_00155,0.0357923693954944,0.432854026556015,0.5301032066345215,0.3970616571605206,0.3970616571605206,0.4943108372390271,0.4943108372390271,0.09724918007850647,0.09724918007850647
test_00156,0.1043515801429748,0.3477742969989776,0.419167548418045,0.2434227168560028,0.2434227168560028,0.3148159682750702,0.3148159682750702,0.07139325141906738,0.07139325141906738
test_00157,0.0137261161580681,0.0046359477564692,0.012247965671122,-0.0090901684015989,0.0090901684015989,-0.0014781504869461008,0.0014781504869461008,0.007612017914652799,0.007612017914652799
test_00158,0.9973485469818116,0.988342583179474,0.997831642627716,-0.009005963802337646,0.009005963802337646,0.00048309564590431897,0.00048309564590431897,0.009489059448241965,0.009489059448241965
test_00159,0.2545459866523742,0.0003665157710202,0.0005541386199183,-0.254179470881354,0.254179470881354,-0.2539918480324559,0.2539918480324559,0.0001876228488981,0.0001876228488981
test_00160,0.6578683257102966,0.2056004405021667,0.2283303588628769,-0.45226788520812994,0.45226788520812994,-0.42953796684741974,0.42953796684741974,0.0227299183607102,0.0227299183607102
test_00161,0.2009235173463821,0.1610405147075653,0.1804838329553604,-0.039883002638816806,0.039883002638816806,-0.0204396843910217,0.0204396843910217,0.019443318247795105,0.019443318247795105
test_00162,0.9023446440696716,0.9889938235282898,0.9822425842285156,0.08664917945861816,0.08664917945861816,0.079897940158844,0.079897940158844,-0.00675123929977417,0.00675123929977417
test_00163,0.1318832635879516,0.9560683965682985,0.9572545289993286,0.8241851329803469,0.8241851329803469,0.825371265411377,0.825371265411377,0.0011861324310301624,0.0011861324310301624
test_00164,0.8195586204528809,0.975345492362976,0.969716250896454,0.1557868719100951,0.1557868719100951,0.1501576304435731,0.1501576304435731,-0.005629241466521995,0.005629241466521995
test_00165,0.5660930275917053,0.5920804738998413,0.5641578435897827,0.025987446308135986,0.025987446308135986,-0.0019351840019226074,0.0019351840019226074,-0.027922630310058594,0.027922630310058594
test_00166,0.9999706745147704,0.9878448843955994,0.9840043783187866,-0.012125790119171032,0.012125790119171032,-0.015966296195983776,0.015966296195983776,-0.003840506076812744,0.003840506076812744
test_00167,0.0067832493223249,0.944824993610382,0.921360731124878,0.9380417442880571,0.9380417442880571,0.9145774818025532,0.9145774818025532,-0.02346426248550393,0.02346426248550393
test_00168,0.0033532618544995,0.3456520438194275,0.2528630197048187,0.34229878196492797,0.34229878196492797,0.24950975785031923,0.24950975785031923,-0.09278902411460876,0.09278902411460876
test_00169,0.0173352807760238,0.0744602084159851,0.1085574477910995,0.0571249276399613,0.0571249276399613,0.09122216701507571,0.09122216701507571,0.03409723937511441,0.03409723937511441
test_00170,0.5238862633705139,0.9974727034568788,0.9987494945526124,0.47358644008636486,0.47358644008636486,0.4748632311820985,0.4748632311820985,0.0012767910957336426,0.0012767910957336426
test_00171,0.0008867114083841,0.0407749712467193,0.0257142260670661,0.039888259838335195,0.039888259838335195,0.024827514658682,0.024827514658682,-0.015060745179653199,0.015060745179653199
test_00172,0.0063612284138798,0.9504897594451904,0.932617723941803,0.9441285310313107,0.9441285310313107,0.9262564955279232,0.9262564955279232,-0.01787203550338745,0.01787203550338745
test_00173,0.0007470196578651,0.0045181903988122,0.004841661080718,0.0037711707409471005,0.0037711707409471005,0.0040946414228529,0.0040946414228529,0.00032347068190579937,0.00032347068190579937
test_00174,0.1673002988100052,0.6955891251564026,0.6834193468093872,0.5282888263463974,0.5282888263463974,0.516119047999382,0.516119047999382,-0.01216977834701538,0.01216977834701538
test_00175,0.7867743968963623,0.8866407871246338,0.8877949714660645,0.09986639022827148,0.09986639022827148,0.10102057456970215,0.10102057456970215,0.001154184341430664,0.001154184341430664
test_00176,0.0196742601692676,0.1694375425577163,0.2978965044021606,0.1497632823884487,0.1497632823884487,0.278222244232893,0.278222244232893,0.1284589618444443,0.1284589618444443
test_00177,0.0006020699511282,0.033974390476942,0.0512753129005432,0.0333723205258138,0.0333723205258138,0.050673242949415,0.050673242949415,0.0173009224236012,0.0173009224236012
test_00178,0.6652693748474121,0.889924943447113,0.9213551878929138,0.22465556859970093,0.22465556859970093,0.2560858130455017,0.2560858130455017,0.03143024444580078,0.03143024444580078
test_00179,0.5913830995559692,0.0578187517821788,0.2209947258234024,-0.5335643477737905,0.5335643477737905,-0.37038837373256683,0.37038837373256683,0.1631759740412236,0.1631759740412236
test_00180,0.3166798949241638,0.203358843922615,0.2123114466667175,-0.11332105100154882,0.11332105100154882,-0.10436844825744632,0.10436844825744632,0.008952602744102506,0.008952602744102506
test_00181,0.0011071196058765,0.2989645600318908,0.6596308946609497,0.2978574404260143,0.2978574404260143,0.6585237750550732,0.6585237750550732,0.3606663346290589,0.3606663346290589
test_00182,4.4654363591689616e-05,2.2702752175973728e-05,7.005724910413846e-05,-2.1951611415715888e-05,2.1951611415715888e-05,2.5402885512448847e-05,2.5402885512448847e-05,4.7354496928164735e-05,4.7354496928164735e-05
test_00183,0.000232939448324,0.0097068399190902,0.014764710329473,0.0094739004707662,0.0094739004707662,0.014531770881149,0.014531770881149,0.0050578704103828,0.0050578704103828
test_00184,0.0043095126748085,0.0051825861446559,0.0062832171097397,0.0008730734698474008,0.0008730734698474008,0.0019737044349312,0.0019737044349312,0.0011006309650837993,0.0011006309650837993
test_00185,0.5859745740890503,0.0747335329651832,0.2114448100328445,-0.511241041123867,0.511241041123867,-0.3745297640562058,0.3745297640562058,0.13671127706766129,0.13671127706766129
test_00186,0.0002622280735522,0.0002389949659118,3.926327917724848e-05,-2.323310764040001e-05,2.323310764040001e-05,-0.00022296479437495154,0.00022296479437495154,-0.00019973168673455152,0.00019973168673455152
test_00187,0.0018165514338761,0.001907403464429,0.002260839799419,9.085203055290004e-05,9.085203055290004e-05,0.0004442883655428999,0.0004442883655428999,0.0003534363349899999,0.0003534363349899999
test_00188,0.0069980239495635,0.5498162508010864,0.7567778825759888,0.5428182268515229,0.5428182268515229,0.7497798586264253,0.7497798586264253,0.20696163177490234,0.20696163177490234
test_00189,0.9531486630439758,0.9872942566871644,0.9964414238929749,0.03414559364318859,0.03414559364318859,0.04329276084899902,0.04329276084899902,0.009147167205810436,0.009147167205810436
test_00190,0.0054928078316152,0.8226521015167236,0.8755558729171753,0.8171592936851084,0.8171592936851084,0.8700630650855601,0.8700630650855601,0.05290377140045166,0.05290377140045166
test_00191,0.8758625984191895,0.9977450966835022,0.9981766939163208,0.12188249826431274,0.12188249826431274,0.12231409549713135,0.12231409549713135,0.0004315972328186035,0.0004315972328186035
test_00192,0.0062879053875803,0.0947330221533775,0.2239206731319427,0.08844511676579721,0.08844511676579721,0.21763276774436238,0.21763276774436238,0.1291876509785652,0.1291876509785652
test_00193,0.0552133843302726,0.6498847603797913,0.8327814936637878,0.5946713760495187,0.5946713760495187,0.7775681093335153,0.7775681093335153,0.18289673328399658,0.18289673328399658
test_00194,0.004665957763791,0.7621620893478394,0.637860119342804,0.7574961315840484,0.7574961315840484,0.633194161579013,0.633194161579013,-0.1243019700050354,0.1243019700050354
test_00195,0.906544864177704,0.6727473735809326,0.8301130533218384,-0.23379749059677135,0.23379749059677135,-0.07643181085586559,0.07643181085586559,0.15736567974090576,0.15736567974090576
test_00196,0.0102581065148115,0.1306747496128082,0.3038336336612701,0.1204166430979967,0.1204166430979967,0.29357552714645857,0.29357552714645857,0.1731588840484619,0.1731588840484619
test_00198,0.0782203748822212,0.0012360081309452,0.0037720738910138,-0.076984366751276,0.076984366751276,-0.07444830099120739,0.07444830099120739,0.0025360657600685997,0.0025360657600685997
test_00199,0.9977241158485411,0.9652084112167358,0.9885796904563904,-0.03251570463180531,0.03251570463180531,-0.009144425392150768,0.009144425392150768,0.02337127923965454,0.02337127923965454
test_00200,0.0161223094910383,0.2932684123516083,0.2443465739488601,0.27714610286056995,0.27714610286056995,0.22822426445782182,0.22822426445782182,-0.04892183840274816,0.04892183840274816
test_00201,0.9837188124656676,0.9948187470436096,0.997154712677002,0.011099934577942006,0.011099934577942006,0.01343590021133434,0.01343590021133434,0.002335965633392334,0.002335965633392334
test_00202,0.6260692477226257,0.9973357319831848,0.998526930809021,0.3712664842605591,0.3712664842605591,0.37245768308639526,0.37245768308639526,0.0011911988258361816,0.0011911988258361816
test_00203,0.9955106973648072,0.6057183742523193,0.6316760778427124,-0.3897923231124879,0.3897923231124879,-0.36383461952209484,0.36383461952209484,0.025957703590393066,0.025957703590393066
test_00204,0.998127281665802,0.9663158059120178,0.9885214567184448,-0.03181147575378418,0.03181147575378418,-0.009605824947357178,0.009605824947357178,0.022205650806427002,0.022205650806427002
test_00205,0.4642655849456787,0.4457619488239288,0.494418740272522,-0.018503636121749933,0.018503636121749933,0.03015315532684326,0.03015315532684326,0.048656791448593195,0.048656791448593195
test_00206,0.0004323257599025,0.0304683409631252,0.0601277574896812,0.030036015203222702,0.030036015203222702,0.0596954317297787,0.0596954317297787,0.029659416526556,0.029659416526556
test_00207,0.2158543169498443,0.8157278299331665,0.9487388730049132,0.5998735129833221,0.5998735129833221,0.732884556055069,0.732884556055069,0.13301104307174672,0.13301104307174672
test_00208,0.6764111518859863,0.7746928334236145,0.8938365578651428,0.09828168153762817,0.09828168153762817,0.2174254059791565,0.2174254059791565,0.11914372444152832,0.11914372444152832
test_00209,0.0060022440738976,0.3173233270645141,0.2764263153076172,0.3113210829906165,0.3113210829906165,0.2704240712337196,0.2704240712337196,-0.04089701175689692,0.04089701175689692
test_00210,0.6283695697784424,0.3316940367221832,0.5181847810745239,-0.29667553305625916,0.29667553305625916,-0.11018478870391846,0.11018478870391846,0.1864907443523407,0.1864907443523407
test_00211,0.0003070707607548,0.0022846926003694,0.0030746068805456,0.0019776218396146002,0.0019776218396146002,0.0027675361197908002,0.0027675361197908002,0.0007899142801762,0.0007899142801762
test_00212,0.8788596391677856,0.0004003579670097,0.0003716322826221,-0.878459281200776,0.878459281200776,-0.8784880068851636,0.8784880068851636,-2.872568438760004e-05,2.872568438760004e-05
test_00213,0.0290268659591674,0.0557713657617569,0.0738635137677192,0.026744499802589496,0.026744499802589496,0.0448366478085518,0.0448366478085518,0.018092148005962302,0.018092148005962302
test_00214,0.350724309682846,0.9824935793876648,0.9862390160560608,0.6317692697048187,0.6317692697048187,0.6355147063732147,0.6355147063732147,0.003745436668395996,0.003745436668395996
test_00215,0.000848424679134,0.0124686043709516,0.0206709429621696,0.011620179691817601,0.011620179691817601,0.0198225182830356,0.0198225182830356,0.008202338591217998,0.008202338591217998
test_00216,0.0048001278191804,0.0012334871571511,0.0014978154795244,-0.0035666406620293,0.0035666406620293,-0.0033023123396560003,0.0033023123396560003,0.0002643283223733,0.0002643283223733
test_00217,0.982488453388214,0.5329099893569946,0.7722483277320862,-0.44957846403121937,0.44957846403121937,-0.21024012565612782,0.21024012565612782,0.23933833837509155,0.23933833837509155
test_00218,0.8676387071609497,0.9944499731063844,0.9944655299186708,0.12681126594543468,0.12681126594543468,0.12682682275772106,0.12682682275772106,1.5556812286376953e-05,1.5556812286376953e-05
test_00219,0.0035995715297758,0.0649682506918907,0.1743770390748977,0.0613686791621149,0.0613686791621149,0.1707774675451219,0.1707774675451219,0.10940878838300701,0.10940878838300701
test_00220,3.8640320099148084e-07,0.1930593848228454,0.1328315138816833,0.1930589984196444,0.1930589984196444,0.1328311274784823,0.1328311274784823,-0.06022787094116211,0.06022787094116211
test_00221,0.0098881013691425,0.5145737528800964,0.7287348508834839,0.5046856515109539,0.5046856515109539,0.7188467495143414,0.7188467495143414,0.21416109800338745,0.21416109800338745
test_00222,0.0028969293925911,0.0055838106200098,0.0067402184940874,0.0026868812274187,0.0026868812274187,0.0038432891014963002,0.0038432891014963002,0.0011564078740776002,0.0011564078740776002
test_00223,0.9254136085510254,0.9159101843833924,0.9572159647941588,-0.009503424167632946,0.009503424167632946,0.031802356243133434,0.031802356243133434,0.04130578041076638,0.04130578041076638
test_00224,0.9538835287094116,0.9749635457992554,0.9828789234161376,0.02108001708984375,0.02108001708984375,0.028995394706725963,0.028995394706725963,0.007915377616882213,0.007915377616882213
test_00225,0.888198733329773,0.9778475761413574,0.9753144979476928,0.08964884281158447,0.08964884281158447,0.08711576461791981,0.08711576461791981,-0.002533078193664662,0.002533078193664662
test_00226,6.137068703537807e-05,0.8734415769577026,0.9113014340400696,0.8733802062706673,0.8733802062706673,0.9112400633530342,0.9112400633530342,0.03785985708236694,0.03785985708236694
test_00227,0.0042560822330415,0.0955462753772735,0.201117992401123,0.091290193144232,0.091290193144232,0.1968619101680815,0.1968619101680815,0.10557171702384949,0.10557171702384949
test_00228,0.9990744590759276,0.8819120526313782,0.9213449358940125,-0.11716240644454945,0.11716240644454945,-0.07772952318191517,0.07772952318191517,0.03943288326263428,0.03943288326263428
test_00229,0.2750917673110962,0.5347868204116821,0.4219627380371094,0.25969505310058594,0.25969505310058594,0.14687097072601318,0.14687097072601318,-0.11282408237457275,0.11282408237457275
test_00230,0.9933195114135742,0.9988571405410768,0.998557150363922,0.005537629127502552,0.005537629127502552,0.005237638950347789,0.005237638950347789,-0.00029999017715476306,0.00029999017715476306
test_00231,0.3143653571605682,0.9921843409538268,0.982251524925232,0.6778189837932587,0.6778189837932587,0.6678861677646639,0.6678861677646639,-0.009932816028594749,0.009932816028594749
test_00232,0.9975333213806152,0.9948493838310242,0.9931237101554872,-0.0026839375495910645,0.0026839375495910645,-0.004409611225128063,0.004409611225128063,-0.0017256736755369984,0.0017256736755369984
test_00233,0.5677158236503601,0.1429549008607864,0.3786916136741638,-0.42476092278957367,0.42476092278957367,-0.1890242099761963,0.1890242099761963,0.2357367128133774,0.2357367128133774
test_00234,0.0012774129863828,0.0019152857130393,0.0036808128934353,0.0006378727266565,0.0006378727266565,0.0024033999070525,0.0024033999070525,0.001765527180396,0.001765527180396
test_00235,0.0004984632250852,0.0705241039395332,0.0680421665310859,0.070025640714448,0.070025640714448,0.0675437033060007,0.0675437033060007,-0.0024819374084473073,0.0024819374084473073
test_00236,0.7077208757400513,0.9449374079704284,0.9505887031555176,0.2372165322303771,0.2372165322303771,0.2428678274154663,0.2428678274154663,0.005651295185089222,0.005651295185089222
test_00237,0.0001373086706735,0.0233660154044628,0.0209059994667768,0.023228706733789302,0.023228706733789302,0.0207686907961033,0.0207686907961033,-0.002460015937686001,0.002460015937686001
test_00238,0.034570138901472,0.0831702873110771,0.0462894402444362,0.0486001484096051,0.0486001484096051,0.0117193013429642,0.0117193013429642,-0.0368808470666409,0.0368808470666409
test_00239,0.9864051938056946,0.9955894947052002,0.997034788131714,0.009184300899505615,0.009184300899505615,0.010629594326019398,0.010629594326019398,0.001445293426513783,0.001445293426513783
test_00240,0.919347047805786,0.729130208492279,0.8851730823516846,-0.19021683931350697,0.19021683931350697,-0.03417396545410145,0.03417396545410145,0.15604287385940552,0.15604287385940552
test_00241,0.0001488962734583,0.7072197198867798,0.6314398050308228,0.7070708236133215,0.7070708236133215,0.6312909087573645,0.6312909087573645,-0.07577991485595703,0.07577991485595703
test_00242,0.0062262066639959,0.0114057026803493,0.0179004799574613,0.0051794960163534,0.0051794960163534,0.011674273293465402,0.011674273293465402,0.006494777277112002,0.006494777277112002
test_00243,0.0225967150181531,0.817187488079071,0.885251522064209,0.794590773060918,0.794590773060918,0.8626548070460559,0.8626548070460559,0.06806403398513794,0.06806403398513794
test_00244,0.0972396731376648,0.2442764192819595,0.3631620705127716,0.1470367461442947,0.1470367461442947,0.2659223973751068,0.2659223973751068,0.1188856512308121,0.1188856512308121
test_00245,0.9224563837051392,0.1347504258155822,0.1974709331989288,-0.787705957889557,0.787705957889557,-0.7249854505062103,0.7249854505062103,0.06272050738334661,0.06272050738334661
test_00246,0.4054020047187805,0.9748343229293824,0.985634744167328,0.5694323182106019,0.5694323182106019,0.5802327394485475,0.5802327394485475,0.010800421237945557,0.010800421237945557
test_00247,0.0285818725824356,0.1932430863380432,0.2656225860118866,0.1646612137556076,0.1646612137556076,0.237040713429451,0.237040713429451,0.07237949967384338,0.07237949967384338
test_00248,0.9967256784439088,0.9714785218238832,0.978015124797821,-0.025247156620025635,0.025247156620025635,-0.018710553646087758,0.018710553646087758,0.006536602973937877,0.006536602973937877
test_00249,0.0664781704545021,0.2011744230985641,0.1333859413862228,0.134696252644062,0.134696252644062,0.0669077709317207,0.0669077709317207,-0.06778848171234128,0.06778848171234128
test_00250,0.9926816821098328,0.8028135299682617,0.8509259819984436,-0.18986815214157104,0.18986815214157104,-0.14175570011138916,0.14175570011138916,0.048112452030181885,0.048112452030181885
test_00251,0.9168077111244202,0.7522798180580139,0.839776337146759,-0.16452789306640625,0.16452789306640625,-0.07703137397766113,0.07703137397766113,0.08749651908874512,0.08749651908874512
test_00252,0.1433297544717788,0.9994677901268004,0.999578058719635,0.8561380356550217,0.8561380356550217,0.8562483042478563,0.8562483042478563,0.00011026859283458368,0.00011026859283458368
test_00253,0.002481325296685,0.9902685880661012,0.9898421168327332,0.9877872627694162,0.9877872627694162,0.9873607915360482,0.9873607915360482,-0.00042647123336803094,0.00042647123336803094
test_00254,0.001577766961418,0.0059347250498831,0.0055296109057962,0.0043569580884651,0.0043569580884651,0.0039518439443782,0.0039518439443782,-0.0004051141440869002,0.0004051141440869002
test_00255,0.4353587627410888,0.2539248168468475,0.2576493620872497,-0.18143394589424133,0.18143394589424133,-0.1777094006538391,0.1777094006538391,0.0037245452404022217,0.0037245452404022217
test_00256,0.4128649532794952,0.9166574478149414,0.8820574283599854,0.5037924945354462,0.5037924945354462,0.46919247508049017,0.46919247508049017,-0.034600019454956055,0.034600019454956055
test_00257,0.0005161130684427,0.0528369843959808,0.0885104313492775,0.0523208713275381,0.0523208713275381,0.0879943182808348,0.0879943182808348,0.035673446953296696,0.035673446953296696
test_00258,9.071023669093847e-06,0.1013803482055664,0.152968943119049,0.10137127718189731,0.10137127718189731,0.1529598720953799,0.1529598720953799,0.05158859491348258,0.05158859491348258
test_00259,0.982575535774231,0.9869784116744996,0.9920682907104492,0.004402875900268666,0.004402875900268666,0.009492754936218262,0.009492754936218262,0.005089879035949596,0.005089879035949596
test_00260,0.9715145230293274,0.7922922372817993,0.8369759321212769,-0.17922228574752808,0.17922228574752808,-0.13453859090805054,0.13453859090805054,0.04468369483947754,0.04468369483947754
test_00261,0.0001722337474348,0.328044980764389,0.2630565762519836,0.3278727470169542,0.3278727470169542,0.2628843425045488,0.2628843425045488,-0.0649884045124054,0.0649884045124054
test_00262,0.0008884074632078,0.0439426861703395,0.0288487616926431,0.0430542787071317,0.0430542787071317,0.0279603542294353,0.0279603542294353,-0.015093924477696401,0.015093924477696401
test_00263,0.9998313188552856,0.9998206496238708,0.9998549222946168,-1.0669231414794922e-05,1.0669231414794922e-05,2.360343933116571e-05,2.360343933116571e-05,3.427267074596063e-05,3.427267074596063e-05
test_00264,0.1137557029724121,0.0233457256108522,0.0190913621336221,-0.0904099773615599,0.0904099773615599,-0.09466434083879,0.09466434083879,-0.0042543634772301,0.0042543634772301
test_00265,1.0834833119588438e-05,0.1689708530902862,0.2696335017681122,0.1689600182571666,0.1689600182571666,0.2696226669349926,0.2696226669349926,0.10066264867782598,0.10066264867782598
test_00266,0.0234445203095674,0.0062686819583177,0.0068632871843874,-0.0171758383512497,0.0171758383512497,-0.01658123312518,0.01658123312518,0.0005946052260697001,0.0005946052260697001
test_00267,0.8973041772842407,0.9923535585403442,0.9939548373222352,0.09504938125610352,0.09504938125610352,0.0966506600379945,0.0966506600379945,0.0016012787818909802,0.0016012787818909802
test_00268,0.0015187569661065,0.0653516054153442,0.0298566445708274,0.0638328484492377,0.0638328484492377,0.0283378876047209,0.0283378876047209,-0.035494960844516796,0.035494960844516796
test_00269,1.707997580524534e-05,0.0109333666041493,0.0056540207006037,0.010916286628344055,0.010916286628344055,0.005636940724798455,0.005636940724798455,-0.0052793459035456,0.0052793459035456
test_00270,0.8793349266052246,0.99870502948761,0.9993583559989928,0.11937010288238536,0.11937010288238536,0.1200234293937682,0.1200234293937682,0.0006533265113828346,0.0006533265113828346
test_00271,0.0398273579776287,0.0156803745776414,0.014119460247457,-0.0241469833999873,0.0241469833999873,-0.0257078977301717,0.0257078977301717,-0.0015609143301844007,0.0015609143301844007
test_00272,0.0026195491664111,0.0049874586984515,0.0086898254230618,0.0023679095320404,0.0023679095320404,0.006070276256650701,0.006070276256650701,0.003702366724610301,0.003702366724610301
test_00273,0.914662539958954,0.9259745478630066,0.9873560667037964,0.011312007904052623,0.011312007904052623,0.07269352674484242,0.07269352674484242,0.061381518840789795,0.061381518840789795
test_00274,0.1554685533046722,0.4430973827838897,0.6384486556053162,0.28762882947921753,0.28762882947921753,0.4829801023006439,0.4829801023006439,0.19535127282142645,0.19535127282142645
test_00275,0.0047084237448871,0.020335204899311,0.0123990168794989,0.0156267811544239,0.0156267811544239,0.0076905931346118,0.0076905931346118,-0.0079361880198121,0.0079361880198121
test_00276,0.9258794784545898,0.6748318076133728,0.4859130084514618,-0.25104767084121704,0.25104767084121704,-0.43996647000312805,0.43996647000312805,-0.188918799161911,0.188918799161911
test_00277,0.2053661793470382,0.791816234588623,0.6388028264045715,0.5864500552415848,0.5864500552415848,0.4334366470575333,0.4334366470575333,-0.1530134081840515,0.1530134081840515
test_00278,0.18821981549263,0.9729007482528688,0.987947642803192,0.7846809327602388,0.7846809327602388,0.799727827310562,0.799727827310562,0.015046894550323264,0.015046894550323264
test_00279,0.9406660795211792,0.9910969734191896,0.9933926463127136,0.050430893898010365,0.050430893898010365,0.052726566791534424,0.052726566791534424,0.002295672893524059,0.002295672893524059
test_00280,0.5511725544929504,0.1378443241119384,0.3472965657711029,-0.4133282303810121,0.4133282303810121,-0.20387598872184753,0.20387598872184753,0.2094522416591645,0.2094522416591645
test_00281,0.0988074019551277,0.7913409471511841,0.774185061454773,0.6925335451960564,0.6925335451960564,0.6753776594996452,0.6753776594996452,-0.017155885696411133,0.017155885696411133
test_00282,0.8637197017669678,0.9385933876037598,0.97606760263443,0.07487368583679199,0.07487368583679199,0.11234790086746227,0.11234790086746227,0.03747421503067028,0.03747421503067028
test_00283,0.3125500380992889,0.5119057297706604,0.5469412803649902,0.19935569167137152,0.19935569167137152,0.23439124226570135,0.23439124226570135,0.035035550594329834,0.035035550594329834
test_00284,0.9555959105491638,0.9849628806114196,0.992964506149292,0.02936697006225575,0.02936697006225575,0.037368595600128174,0.037368595600128174,0.008001625537872425,0.008001625537872425
test_00285,0.2872993946075439,0.0458962693810462,0.0548185780644416,-0.2414031252264977,0.2414031252264977,-0.2324808165431023,0.2324808165431023,0.0089223086833954,0.0089223086833954
test_00287,0.8886309862136841,0.1034007593989372,0.1185411140322685,-0.7852302268147469,0.7852302268147469,-0.7700898721814156,0.7700898721814156,0.015140354633331299,0.015140354633331299
test_00288,0.0206405818462371,0.002537666587159,0.0123677346855402,-0.0181029152590781,0.0181029152590781,-0.0082728471606969,0.0082728471606969,0.0098300680983812,0.0098300680983812
test_00289,9.415679414814804e-06,0.0134477829560637,0.0117376064881682,0.013438367276648886,0.013438367276648886,0.011728190808753385,0.011728190808753385,-0.0017101764678955009,0.0017101764678955009
test_00290,0.0999571830034256,0.9270667433738708,0.9323291182518004,0.8271095603704453,0.8271095603704453,0.8323719352483748,0.8323719352483748,0.0052623748779295765,0.0052623748779295765
test_00291,0.1910179853439331,0.8223498463630676,0.9514322876930236,0.6313318610191345,0.6313318610191345,0.7604143023490905,0.7604143023490905,0.12908244132995594,0.12908244132995594
test_00292,0.0721115991473198,0.0383001156151294,0.0388832502067089,-0.03381148353219039,0.03381148353219039,-0.03322834894061089,0.03322834894061089,0.0005831345915794997,0.0005831345915794997
test_00293,0.129802793264389,0.1543680131435394,0.0968048647046089,0.02456521987915039,0.02456521987915039,-0.03299792855978011,0.03299792855978011,-0.0575631484389305,0.0575631484389305
test_00294,0.2104817926883697,0.0655646026134491,0.0584915913641452,-0.1449171900749206,0.1449171900749206,-0.1519902013242245,0.1519902013242245,-0.007073011249303894,0.007073011249303894
test_00295,0.4799328446388244,0.2472340166568756,0.219033733010292,-0.2326988279819488,0.2326988279819488,-0.2608991116285324,0.2608991116285324,-0.028200283646583613,0.028200283646583613
test_00296,0.1373589783906936,0.0011472359765321,0.0008964070584625,-0.1362117424141615,0.1362117424141615,-0.1364625713322311,0.1364625713322311,-0.00025082891806959987,0.00025082891806959987
test_00297,0.0001030663333949,0.0072005176916718,0.0076418407261371,0.0070974513582769,0.0070974513582769,0.0075387743927422,0.0075387743927422,0.00044132303446529995,0.00044132303446529995
test_00298,0.0806592404842376,0.1821385622024536,0.2155840694904327,0.10147932171821601,0.10147932171821601,0.13492482900619512,0.13492482900619512,0.0334455072879791,0.0334455072879791
test_00299,0.8875220417976379,0.851190984249115,0.9487793445587158,-0.03633105754852295,0.03633105754852295,0.06125730276107788,0.06125730276107788,0.09758836030960083,0.09758836030960083
test_00300,0.934234857559204,0.9950944185256958,0.9960733652114868,0.06085956096649181,0.06085956096649181,0.061838507652282826,0.061838507652282826,0.0009789466857910156,0.0009789466857910156
test_00301,0.0100298728793859,0.0133083257824182,0.0255972538143396,0.003278452903032301,0.003278452903032301,0.0155673809349537,0.0155673809349537,0.012288928031921399,0.012288928031921399
test_00302,0.0061302920803427,0.0059830802492797,0.0192369930446147,-0.00014721183106300006,0.00014721183106300006,0.013106700964272001,0.013106700964272001,0.013253912795335002,0.013253912795335002
test_00303,0.0003720720415003,0.0644273087382316,0.0682270675897598,0.0640552366967313,0.0640552366967313,0.0678549955482595,0.0678549955482595,0.0037997588515281955,0.0037997588515281955
test_00304,0.8406306505203247,0.8049412369728088,0.8866129517555237,-0.03568941354751587,0.03568941354751587,0.045982301235198975,0.045982301235198975,0.08167171478271484,0.08167171478271484
test_00305,0.0030286945402622,0.0732422024011612,0.0878775715827941,0.070213507860899,0.070213507860899,0.08484887704253191,0.08484887704253191,0.014635369181632912,0.014635369181632912
test_00306,0.7031627893447876,0.968744456768036,0.993030607700348,0.2655816674232484,0.2655816674232484,0.2898678183555604,0.2898678183555604,0.02428615093231201,0.02428615093231201
test_00307,0.6222580075263977,0.5099672079086304,0.6138277649879456,-0.11229079961776733,0.11229079961776733,-0.008430242538452148,0.008430242538452148,0.10386055707931519,0.10386055707931519
test_00308,0.737392783164978,0.6918365955352783,0.6170300245285034,-0.04555618762969971,0.04555618762969971,-0.12036275863647461,0.12036275863647461,-0.0748065710067749,0.0748065710067749
test_00309,0.0075031518936157,0.0008146566106006,0.0004127904539927,-0.0066884952830151,0.0066884952830151,-0.007090361439623,0.007090361439623,-0.0004018661566079,0.0004018661566079
test_00310,0.9983855485916138,0.9886287450790404,0.997639298439026,-0.009756803512573353,0.009756803512573353,-0.0007462501525877796,0.0007462501525877796,0.009010553359985574,0.009010553359985574
test_00311,6.86307976138778e-05,0.0706288293004036,0.0312423966825008,0.07056019850278972,0.07056019850278972,0.031173765884886923,0.031173765884886923,-0.0393864326179028,0.0393864326179028
test_00312,0.0014631858794018,0.0017406140686944,0.0028553281445056,0.00027742818929259996,0.00027742818929259996,0.0013921422651038,0.0013921422651038,0.0011147140758112001,0.0011147140758112001
test_00313,0.0193400755524635,0.1737117618322372,0.1044360175728797,0.15437168627977368,0.15437168627977368,0.08509594202041619,0.08509594202041619,-0.0692757442593575,0.0692757442593575
test_00314,0.288066565990448,0.9595872163772584,0.9670645594596864,0.6715206503868104,0.6715206503868104,0.6789979934692384,0.6789979934692384,0.0074773430824279785,0.0074773430824279785
test_00315,0.2336451858282089,0.0625743269920349,0.0728234499692916,-0.171070858836174,0.171070858836174,-0.1608217358589173,0.1608217358589173,0.010249122977256706,0.010249122977256706
test_00316,0.1301547139883041,0.1902164220809936,0.3221122622489929,0.060061708092689486,0.060061708092689486,0.1919575482606888,0.1919575482606888,0.13189584016799932,0.13189584016799932
test_00317,0.2046072483062744,0.9388708472251892,0.968149721622467,0.7342635989189148,0.7342635989189148,0.7635424733161926,0.7635424733161926,0.029278874397277832,0.029278874397277832
test_00318,0.8766310811042786,0.9804023504257202,0.9682970643043518,0.10377126932144165,0.10377126932144165,0.09166598320007324,0.09166598320007324,-0.012105286121368408,0.012105286121368408
test_00319,0.9839507341384888,0.9985363483428956,0.996257781982422,0.01458561420440685,0.01458561420440685,0.012307047843933216,0.012307047843933216,-0.002278566360473633,0.002278566360473633
test_00320,0.5397648215293884,0.0306329410523176,0.0625205039978027,-0.5091318804770708,0.5091318804770708,-0.4772443175315857,0.4772443175315857,0.03188756294548511,0.03188756294548511
test_00321,0.0594437085092067,0.2925980389118194,0.3836769163608551,0.2331543304026127,0.2331543304026127,0.3242332078516484,0.3242332078516484,0.0910788774490357,0.0910788774490357
test_00322,2.5604363074194225e-08,0.0021671392023563,0.0023995076771825,0.0021671135979932257,0.0021671135979932257,0.002399482072819426,0.002399482072819426,0.00023236847482620022,0.00023236847482620022
test_00323,0.6229792833328247,0.8987661600112915,0.9659794569015504,0.2757868766784668,0.2757868766784668,0.3430001735687257,0.3430001735687257,0.0672132968902589,0.0672132968902589
test_00324,0.6994081735610962,0.6973075270652771,0.4892839789390564,-0.002100646495819092,0.002100646495819092,-0.2101241946220398,0.2101241946220398,-0.2080235481262207,0.2080235481262207
test_00325,0.0029648803174495,0.2967021465301513,0.3513693511486053,0.2937372662127018,0.2937372662127018,0.3484044708311558,0.3484044708311558,0.05466720461845398,0.05466720461845398
test_00326,0.0656733885407447,0.1681761592626571,0.3119308054447174,0.10250277072191241,0.10250277072191241,0.2462574169039727,0.2462574169039727,0.1437546461820603,0.1437546461820603
test_00327,1.8406431991024878e-05,0.3148340582847595,0.4101345241069793,0.3148156518527685,0.3148156518527685,0.4101161176749883,0.4101161176749883,0.0953004658222198,0.0953004658222198
test_00328,0.815407931804657,0.9809696674346924,0.989064395427704,0.1655617356300354,0.1655617356300354,0.17365646362304699,0.17365646362304699,0.008094727993011586,0.008094727993011586
test_00329,0.0002912498021032,0.0080731492489576,0.0175442248582839,0.007781899446854399,0.007781899446854399,0.0172529750561807,0.0172529750561807,0.0094710756093263,0.0094710756093263
test_00330,0.0785896331071853,0.8223063945770264,0.847665011882782,0.7437167614698411,0.7437167614698411,0.7690753787755967,0.7690753787755967,0.025358617305755615,0.025358617305755615
test_00331,3.89354900107719e-05,0.0052864970639348,0.0041545392014086,0.0052475615739240285,0.0052475615739240285,0.0041156037113978285,0.0041156037113978285,-0.0011319578625262,0.0011319578625262
test_00332,8.490014238304866e-07,0.0131520424038171,0.028411803767085,0.01315119340239327,0.01315119340239327,0.02841095476566117,0.02841095476566117,0.015259761363267899,0.015259761363267899
test_00333,0.9476479291915894,0.2031086981296539,0.3303555250167846,-0.7445392310619354,0.7445392310619354,-0.6172924041748047,0.6172924041748047,0.1272468268871307,0.1272468268871307
test_00334,0.5307636260986328,0.8013022541999817,0.7971629500389099,0.2705386281013489,0.2705386281013489,0.2663993239402771,0.2663993239402771,-0.004139304161071777,0.004139304161071777
test_00335,0.9597241282463074,0.9986903071403505,0.9998080134391784,0.03896617889404308,0.03896617889404308,0.04008388519287098,0.04008388519287098,0.001117706298827903,0.001117706298827903
test_00336,0.0013797066640108,0.029534712433815,0.0174904055893421,0.0281550057698042,0.0281550057698042,0.0161106989253313,0.0161106989253313,-0.012044306844472899,0.012044306844472899
test_00337,0.4462193548679352,0.9704449772834778,0.976465940475464,0.5242256224155426,0.5242256224155426,0.5302465856075288,0.5302465856075288,0.006020963191986195,0.006020963191986195
test_00338,0.0591409802436828,0.8766738176345825,0.8945459127426147,0.8175328373908998,0.8175328373908998,0.835404932498932,0.835404932498932,0.017872095108032227,0.017872095108032227
test_00339,0.2608280777931213,0.0750145465135574,0.1021328046917915,-0.18581353127956388,0.18581353127956388,-0.15869527310132978,0.15869527310132978,0.0271182581782341,0.0271182581782341
test_00340,0.0007735249819234,0.6072002053260803,0.8006776571273804,0.6064266803441569,0.6064266803441569,0.799904132145457,0.799904132145457,0.19347745180130005,0.19347745180130005
test_00341,0.8560333251953125,0.5282967686653137,0.4629076421260834,-0.3277365565299988,0.3277365565299988,-0.3931256830692291,0.3931256830692291,-0.06538912653923035,0.06538912653923035
test_00342,0.0434139110147953,0.001023365650326,0.0012170972768217,-0.042390545364469304,0.042390545364469304,-0.042196813737973606,0.042196813737973606,0.0001937316264957001,0.0001937316264957001
test_00343,0.7317303419113159,0.931521773338318,0.9611653685569764,0.19979143142700206,0.19979143142700206,0.2294350266456605,0.2294350266456605,0.029643595218658447,0.029643595218658447
test_00344,0.0235314983874559,0.0231151450425386,0.0272805243730545,-0.00041635334491729736,0.00041635334491729736,0.0037490259855986023,0.0037490259855986023,0.0041653793305159,0.0041653793305159
test_00345,0.0019027764210477,0.004203996155411,0.0030265988316386,0.0023012197343632995,0.0023012197343632995,0.0011238224105909,0.0011238224105909,-0.0011773973237723997,0.0011773973237723997
test_00346,0.0060556563548743,0.0107967974618077,0.0239602178335189,0.0047411411069334004,0.0047411411069334004,0.0179045614786446,0.0179045614786446,0.013163420371711199,0.013163420371711199
test_00347,0.0850814953446388,0.578713059425354,0.6949248313903809,0.4936315640807152,0.4936315640807152,0.609843336045742,0.609843336045742,0.11621177196502686,0.11621177196502686
test_00348,1.1635131613729754e-06,0.9971246123313904,0.9969334602355956,0.997123448818229,0.997123448818229,0.9969322967224342,0.9969322967224342,-0.00019115209579478876,0.00019115209579478876
test_00349,0.012461238540709,0.4524686932563782,0.5134469270706177,0.44000745471566916,0.44000745471566916,0.5009856885299087,0.5009856885299087,0.0609782338142395,0.0609782338142395
test_00350,0.958357870578766,0.2176381945610046,0.4558107852935791,-0.7407196760177613,0.7407196760177613,-0.5025470852851869,0.5025470852851869,0.2381725907325745,0.2381725907325745
test_00351,0.0201553925871849,0.0825388878583908,0.0670050904154777,0.062383495271205895,0.062383495271205895,0.0468496978282928,0.0468496978282928,-0.015533797442913097,0.015533797442913097
test_00352,0.1961649805307388,0.3222521543502807,0.299109011888504,0.1260871738195419,0.1260871738195419,0.10294403135776517,0.10294403135776517,-0.023143142461776733,0.023143142461776733
test_00353,0.1142317503690719,0.0845338180661201,0.0900091752409935,-0.0296979323029518,0.0296979323029518,-0.024222575128078405,0.024222575128078405,0.005475357174873394,0.005475357174873394
test_00354,0.254364550113678,0.7775792479515076,0.738508939743042,0.5232146978378296,0.5232146978378296,0.484144389629364,0.484144389629364,-0.039070308208465576,0.039070308208465576
test_00355,0.2559984624385834,0.3963210880756378,0.6863322854042053,0.14032262563705444,0.14032262563705444,0.43033382296562195,0.43033382296562195,0.2900111973285675,0.2900111973285675
test_00356,0.2221822142601013,0.5108314156532288,0.3997557759284973,0.28864920139312744,0.28864920139312744,0.17757356166839602,0.17757356166839602,-0.11107563972473145,0.11107563972473145
test_00357,0.0049136010929942,0.8727182745933533,0.9231492280960084,0.8678046735003591,0.8678046735003591,0.9182356270030142,0.9182356270030142,0.05043095350265514,0.05043095350265514
test_00358,0.2488913536071777,0.9665983319282532,0.9692660570144652,0.7177069783210754,0.7177069783210754,0.7203747034072875,0.7203747034072875,0.002667725086212047,0.002667725086212047
test_00359,0.2137788087129593,0.1952791064977646,0.1866825222969055,-0.018499702215194702,0.018499702215194702,-0.0270962864160538,0.0270962864160538,-0.008596584200859098,0.008596584200859098
test_00360,0.0351567678153514,0.7238122224807739,0.7817476391792297,0.6886554546654226,0.6886554546654226,0.7465908713638784,0.7465908713638784,0.05793541669845581,0.05793541669845581
test_00361,2.4321594537468627e-05,7.781179738231003e-05,0.0003397220862098,5.3490202844841406e-05,5.3490202844841406e-05,0.0003154004916723314,0.0003154004916723314,0.00026191028882749,0.00026191028882749
test_00362,0.9977020621299744,0.9668220281600952,0.9859676957130432,-0.03088003396987915,0.03088003396987915,-0.011734366416931152,0.011734366416931152,0.019145667552947998,0.019145667552947998
test_00363,0.9517550468444824,0.9956242442131042,0.9942359328269958,0.043869197368621826,0.043869197368621826,0.04248088598251343,0.04248088598251343,-0.0013883113861083984,0.0013883113861083984
test_00364,0.3497318625450134,0.0265741068869829,0.0625593364238739,-0.3231577556580305,0.3231577556580305,-0.2871725261211395,0.2871725261211395,0.035985229536891,0.035985229536891
test_00365,0.0552030205726623,0.1937684416770935,0.3262143731117248,0.1385654211044312,0.1385654211044312,0.2710113525390625,0.2710113525390625,0.1324459314346313,0.1324459314346313
test_00366,0.0324848853051662,0.9971680045127868,0.9962422847747804,0.9646831192076205,0.9646831192076205,0.9637573994696141,0.9637573994696141,-0.0009257197380063698,0.0009257197380063698
test_00367,0.1915954500436782,0.0739818960428237,0.0878197476267814,-0.1176135540008545,0.1176135540008545,-0.1037757024168968,0.1037757024168968,0.0138378515839577,0.0138378515839577
test_00368,0.9913582801818848,0.9838175773620604,0.9936167001724244,-0.00754070281982433,0.00754070281982433,0.002258419990539662,0.002258419990539662,0.009799122810363992,0.009799122810363992
test_00369,0.1666586846113205,0.5382480025291443,0.5311091542243958,0.3715893179178238,0.3715893179178238,0.36445046961307526,0.36445046961307526,-0.007138848304748535,0.007138848304748535
test_00370,0.3823536336421966,0.9312418699264526,0.9633625149726868,0.548888236284256,0.548888236284256,0.5810088813304901,0.5810088813304901,0.03212064504623413,0.03212064504623413
test_00371,0.8542394042015076,0.2305005490779876,0.1930592656135559,-0.62373885512352,0.62373885512352,-0.6611801385879517,0.6611801385879517,-0.03744128346443168,0.03744128346443168
test_00372,0.9915456175804138,0.9985438585281372,0.9995550513267516,0.006998240947723389,0.006998240947723389,0.00800943374633778,0.00800943374633778,0.001011192798614391,0.001011192798614391
test_00373,0.0435174293816089,0.0823484882712364,0.0597197785973548,0.038831058889627505,0.038831058889627505,0.016202349215745898,0.016202349215745898,-0.022628709673881607,0.022628709673881607
test_00374,0.0003029768995475,0.0139735965058207,0.0243237651884555,0.013670619606273198,0.013670619606273198,0.024020788288908,0.024020788288908,0.0103501686826348,0.0103501686826348
test_00375,6.23081941739656e-05,0.0012044085888192,0.0044418233446776,0.0011421003946452343,0.0011421003946452343,0.004379515150503634,0.004379515150503634,0.0032374147558584003,0.0032374147558584003
test_00376,0.0208798628300428,0.0455340631306171,0.0419415012001991,0.0246542003005743,0.0246542003005743,0.0210616383701563,0.0210616383701563,-0.0035925619304180006,0.0035925619304180006
test_00377,0.6447794437408447,0.2573423087596893,0.3204911649227142,-0.38743713498115545,0.38743713498115545,-0.32428827881813055,0.32428827881813055,0.0631488561630249,0.0631488561630249
test_00378,0.0211667455732822,0.6456838250160217,0.7228150367736816,0.6245170794427395,0.6245170794427395,0.7016482912003994,0.7016482912003994,0.07713121175765991,0.07713121175765991
test_00379,0.8640663027763367,0.0676366984844207,0.1971393525600433,-0.796429604291916,0.796429604291916,-0.6669269502162933,0.6669269502162933,0.12950265407562261,0.12950265407562261
test_00380,0.0517197176814079,0.0541605949401855,0.1619216948747635,0.0024408772587775976,0.0024408772587775976,0.11020197719335559,0.11020197719335559,0.107761099934578,0.107761099934578
test_00381,0.0020198016427457,0.8181378841400146,0.8469437956809998,0.8161180824972689,0.8161180824972689,0.844923994038254,0.844923994038254,0.028805911540985107,0.028805911540985107
test_00382,0.2358271181583404,0.0814150497317314,0.1153271868824958,-0.15441206842660898,0.15441206842660898,-0.1204999312758446,0.1204999312758446,0.033912137150764396,0.033912137150764396
test_00383,0.9849451184272766,0.98381108045578,0.991357922554016,-0.001134037971496582,0.001134037971496582,0.006412804126739391,0.006412804126739391,0.007546842098235973,0.007546842098235973
test_00384,0.1021995246410369,0.0304354969412088,0.0328399389982223,-0.0717640276998281,0.0717640276998281,-0.06935958564281461,0.06935958564281461,0.0024044420570135012,0.0024044420570135012
test_00385,0.5175773501396179,0.9098314642906188,0.9009336829185486,0.39225411415100087,0.39225411415100087,0.38335633277893066,0.38335633277893066,-0.008897781372070201,0.008897781372070201
test_00386,0.0168072469532489,0.8606845140457153,0.8481160998344421,0.8438772670924665,0.8438772670924665,0.8313088528811933,0.8313088528811933,-0.012568414211273193,0.012568414211273193
test_00387,0.9225930571556092,0.9632099270820618,0.9736109972000122,0.040616869926452526,0.040616869926452526,0.051017940044402965,0.051017940044402965,0.01040107011795044,0.01040107011795044
test_00388,9.838920789206897e-08,0.0022712617646902,0.004148703534156,0.002271163375482308,0.002271163375482308,0.004148605144948108,0.004148605144948108,0.0018774417694657998,0.0018774417694657998
test_00389,0.408267468214035,0.6129472255706787,0.7963554263114929,0.20467975735664373,0.20467975735664373,0.38808795809745794,0.38808795809745794,0.1834082007408142,0.1834082007408142
test_00390,0.0002837894717231,0.1844661682844162,0.0867617577314376,0.1841823788126931,0.1841823788126931,0.0864779682597145,0.0864779682597145,-0.0977044105529786,0.0977044105529786
test_00391,0.8734351992607117,0.978559672832489,0.9507752060890198,0.10512447357177734,0.10512447357177734,0.0773400068283081,0.0773400068283081,-0.02778446674346924,0.02778446674346924
test_00392,0.9908438920974731,0.980442464351654,0.9911017417907716,-0.010401427745819092,0.010401427745819092,0.00025784969329845087,0.00025784969329845087,0.010659277439117543,0.010659277439117543
test_00393,0.0212973356246948,0.0053425109945237,0.0024651798885315,-0.0159548246301711,0.0159548246301711,-0.0188321557361633,0.0188321557361633,-0.0028773311059922,0.0028773311059922
test_00394,0.0005871821776963,0.0001988100993912,0.0002517737448215,-0.0003883720783050999,0.0003883720783050999,-0.00033540843287479995,0.00033540843287479995,5.29636454303e-05,5.29636454303e-05
test_00395,0.945065975189209,0.8306776881217957,0.7235507369041443,-0.11438828706741333,0.11438828706741333,-0.2215152382850647,0.2215152382850647,-0.10712695121765137,0.10712695121765137
test_00396,0.9542990326881408,0.973219394683838,0.9811517596244812,0.018920361995697244,0.018920361995697244,0.026852726936340443,0.026852726936340443,0.0079323649406432,0.0079323649406432
test_00397,0.2709248960018158,0.8617691397666931,0.9117733836174012,0.5908442437648773,0.5908442437648773,0.6408484876155854,0.6408484876155854,0.05000424385070812,0.05000424385070812
test_00398,0.1950687915086746,0.9501352310180664,0.9341737031936646,0.7550664395093918,0.7550664395093918,0.7391049116849899,0.7391049116849899,-0.015961527824401855,0.015961527824401855
test_00399,0.080313041806221,0.0500557720661163,0.1639550924301147,-0.030257269740104696,0.030257269740104696,0.0836420506238937,0.0836420506238937,0.11389932036399839,0.11389932036399839
test_00400,0.001006981357932,0.0016844872152432,0.003111467231065,0.0006775058573112,0.0006775058573112,0.0021044858731330005,0.0021044858731330005,0.0014269800158218003,0.0014269800158218003
test_00401,0.0028233430348336,0.0436950847506523,0.0209795758128166,0.0408717417158187,0.0408717417158187,0.018156232777983,0.018156232777983,-0.0227155089378357,0.0227155089378357
test_00402,0.1189969629049301,0.0858649984002113,0.1336428374052047,-0.033131964504718794,0.033131964504718794,0.014645874500274589,0.014645874500274589,0.04777783900499338,0.04777783900499338
test_00403,0.0153925763443112,0.8375102281570435,0.8256211280822754,0.8221176518127322,0.8221176518127322,0.8102285517379642,0.8102285517379642,-0.011889100074768066,0.011889100074768066
test_00404,0.3294800221920013,0.7975837588310242,0.8307401537895203,0.4681037366390229,0.4681037366390229,0.5012601315975189,0.5012601315975189,0.033156394958496094,0.033156394958496094
test_00405,0.0803243070840835,0.6510381698608398,0.725411593914032,0.5707138627767563,0.5707138627767563,0.6450872868299484,0.6450872868299484,0.07437342405319214,0.07437342405319214
test_00406,0.1661793440580368,0.2282450944185257,0.4977524876594543,0.06206575036048889,0.06206575036048889,0.3315731436014175,0.3315731436014175,0.2695073932409286,0.2695073932409286
test_00407,0.8698710203170776,0.9640262126922609,0.952742040157318,0.09415519237518322,0.09415519237518322,0.08287101984024037,0.08287101984024037,-0.011284172534942849,0.011284172534942849
test_00408,0.2256821990013122,0.8350114822387695,0.8282065987586975,0.6093292832374573,0.6093292832374573,0.6025243997573853,0.6025243997573853,-0.0068048834800720215,0.0068048834800720215
test_00409,0.1853648722171783,0.7932114601135254,0.7818697094917297,0.607846587896347,0.607846587896347,0.5965048372745514,0.5965048372745514,-0.011341750621795654,0.011341750621795654
test_00410,0.1282196640968322,0.5403363108634949,0.4247400462627411,0.4121166467666627,0.4121166467666627,0.2965203821659089,0.2965203821659089,-0.11559626460075378,0.11559626460075378
test_00411,0.0055571170523762,0.0284590050578117,0.0248442590236663,0.022901888005435498,0.022901888005435498,0.019287141971290098,0.019287141971290098,-0.0036147460341454003,0.0036147460341454003
test_00412,0.8113960027694702,0.7274484634399414,0.9248050451278688,-0.08394753932952881,0.08394753932952881,0.11340904235839855,0.11340904235839855,0.19735658168792736,0.19735658168792736
test_00413,0.0542442575097084,0.0342027619481086,0.0236708838492631,-0.0200414955615998,0.0200414955615998,-0.030573373660445297,0.030573373660445297,-0.010531878098845496,0.010531878098845496
test_00414,0.0182314086705446,0.115825206041336,0.1965665072202682,0.09759379737079141,0.09759379737079141,0.1783350985497236,0.1783350985497236,0.08074130117893219,0.08074130117893219
test_00415,0.914415955543518,0.8224621415138245,0.8987628817558289,-0.09195381402969349,0.09195381402969349,-0.015653073787689098,0.015653073787689098,0.0763007402420044,0.0763007402420044
test_00416,0.0032159020192921,0.0023586899042129,0.0051830555312335,-0.0008572121150792001,0.0008572121150792001,0.0019671535119413996,0.0019671535119413996,0.0028243656270205996,0.0028243656270205996
test_00417,0.623419463634491,0.9240926504135132,0.9160255193710328,0.3006731867790222,0.3006731867790222,0.29260605573654186,0.29260605573654186,-0.008067131042480358,0.008067131042480358
test_00418,0.0158743727952241,0.5748249292373657,0.5496336221694946,0.5589505564421416,0.5589505564421416,0.5337592493742706,0.5337592493742706,-0.025191307067871094,0.025191307067871094
test_00419,0.0131774982437491,0.1730484664440155,0.1962192058563232,0.15987096820026642,0.15987096820026642,0.1830417076125741,0.1830417076125741,0.023170739412307684,0.023170739412307684
test_00420,0.0058343294076621,0.6041205525398254,0.724058985710144,0.5982862231321633,0.5982862231321633,0.7182246563024819,0.7182246563024819,0.1199384331703186,0.1199384331703186
test_00421,0.1866002231836319,0.0664890259504318,0.1012653261423111,-0.1201111972332001,0.1201111972332001,-0.0853348970413208,0.0853348970413208,0.0347763001918793,0.0347763001918793
test_00422,0.707146942615509,0.9864837527275084,0.9710891842842102,0.2793368101119994,0.2793368101119994,0.26394224166870117,0.26394224166870117,-0.015394568443298229,0.015394568443298229
test_00423,0.0679472088813781,0.6464021801948547,0.4861098825931549,0.5784549713134767,0.5784549713134767,0.4181626737117768,0.4181626737117768,-0.16029229760169983,0.16029229760169983
test_00424,0.046843733638525,0.0579917915165424,0.0901891216635704,0.011148057878017398,0.011148057878017398,0.0433453880250454,0.0433453880250454,0.032197330147028004,0.032197330147028004
test_00425,0.0012613930739462,0.324820339679718,0.3264240622520447,0.32355894660577184,0.32355894660577184,0.3251626691780985,0.3251626691780985,0.0016037225723266602,0.0016037225723266602
test_00426,0.0001943183742696,0.9935389161109924,0.9929739236831664,0.9933445977367228,0.9933445977367228,0.9927796053088968,0.9927796053088968,-0.0005649924278260388,0.0005649924278260388
test_00427,0.0949719175696373,0.3834237158298492,0.6737943887710571,0.2884517982602119,0.2884517982602119,0.5788224712014198,0.5788224712014198,0.29037067294120794,0.29037067294120794
test_00428,0.5943556427955627,0.9979666471481324,0.9989432692527772,0.4036110043525697,0.4036110043525697,0.40458762645721447,0.40458762645721447,0.0009766221046447754,0.0009766221046447754
test_00429,0.0038983279373496,0.0270685870200395,0.0433731973171234,0.0231702590826899,0.0231702590826899,0.0394748693797738,0.0394748693797738,0.0163046102970839,0.0163046102970839
test_00430,0.2464431822299957,0.8752625584602356,0.84602290391922,0.6288193762302399,0.6288193762302399,0.5995797216892242,0.5995797216892242,-0.029239654541015625,0.029239654541015625
test_00431,2.475246219546534e-06,8.358016202691942e-05,0.0001038890695781,8.110491580737289e-05,8.110491580737289e-05,0.00010141382335855347,0.00010141382335855347,2.030890755118058e-05,2.030890755118058e-05
test_00432,0.692514955997467,0.9850795269012452,0.9877097606658936,0.2925645709037782,0.2925645709037782,0.2951948046684265,0.2951948046684265,0.0026302337646483265,0.0026302337646483265
test_00433,0.6447469592094421,0.992661952972412,0.9911571741104126,0.34791499376296986,0.34791499376296986,0.34641021490097046,0.34641021490097046,-0.0015047788619994007,0.0015047788619994007
test_00434,0.0001553079782752,0.0177323371171951,0.0157203748822212,0.0175770291389199,0.0175770291389199,0.015565066903946,0.015565066903946,-0.0020119622349739005,0.0020119622349739005
test_00435,0.9819242358207704,0.9307608604431152,0.9645538330078124,-0.05116337537765514,0.05116337537765514,-0.017370402812957986,0.017370402812957986,0.033792972564697155,0.033792972564697155
test_00436,0.993190348148346,0.99402517080307,0.9964106678962708,0.0008348226547240101,0.0008348226547240101,0.0032203197479248047,0.0032203197479248047,0.0023854970932007946,0.0023854970932007946
test_00437,0.0009803767316043,0.0594371147453784,0.145871102809906,0.058456738013774094,0.058456738013774094,0.1448907260783017,0.1448907260783017,0.08643398806452761,0.08643398806452761
test_00438,0.0121250692754983,0.0228959005326032,0.0124256806448102,0.010770831257104901,0.010770831257104901,0.00030061136931189975,0.00030061136931189975,-0.010470219887793002,0.010470219887793002
test_00439,0.0071573927998542,0.002101648133248,0.0014029733138158,-0.0050557446666062,0.0050557446666062,-0.0057544194860384,0.0057544194860384,-0.0006986748194322001,0.0006986748194322001
test_00440,0.0943339392542839,0.9008452892303468,0.9314366579055786,0.8065113499760629,0.8065113499760629,0.8371027186512947,0.8371027186512947,0.030591368675231823,0.030591368675231823
test_00441,0.900965452194214,0.2200299948453903,0.2953881323337555,-0.6809354573488237,0.6809354573488237,-0.6055773198604585,0.6055773198604585,0.0753581374883652,0.0753581374883652
test_00442,0.4647559225559234,0.8875969052314758,0.9058207869529724,0.4228409826755524,0.4228409826755524,0.441064864397049,0.441064864397049,0.018223881721496582,0.018223881721496582
test_00443,0.0111743789166212,0.6767875552177429,0.8635357022285461,0.6656131763011217,0.6656131763011217,0.8523613233119249,0.8523613233119249,0.18674814701080322,0.18674814701080322
test_00444,0.0521693415939807,0.1438824832439422,0.2305231988430023,0.0917131416499615,0.0917131416499615,0.17835385724902159,0.17835385724902159,0.08664071559906009,0.08664071559906009
test_00445,0.0276406276971101,0.012037856504321,0.0083322785794734,-0.0156027711927891,0.0156027711927891,-0.0193083491176367,0.0193083491176367,-0.0037055779248475994,0.0037055779248475994
test_00446,0.0009669717401266,0.6625471115112305,0.7244812846183777,0.6615801397711039,0.6615801397711039,0.7235143128782511,0.7235143128782511,0.06193417310714722,0.06193417310714722
test_00447,8.362463995581493e-05,0.0970931872725486,0.1069033592939376,0.09700956263259279,0.09700956263259279,0.10681973465398178,0.10681973465398178,0.009810172021388994,0.009810172021388994
test_00448,0.9936378598213196,0.99957937002182,0.9995929598808287,0.005941510200500377,0.005941510200500377,0.005955100059509166,0.005955100059509166,1.3589859008789062e-05,1.3589859008789062e-05
test_00449,0.0014723142376169,0.0348910391330719,0.0510940439999103,0.033418724895455,0.033418724895455,0.0496217297622934,0.0496217297622934,0.0162030048668384,0.0162030048668384
test_00450,0.7908208966255188,0.9012606739997864,0.945176124572754,0.11043977737426758,0.11043977737426758,0.15435522794723522,0.15435522794723522,0.04391545057296764,0.04391545057296764
test_00451,0.0174826718866825,0.8802553415298462,0.8463428020477295,0.8627726696431637,0.8627726696431637,0.828860130161047,0.828860130161047,-0.0339125394821167,0.0339125394821167
test_00452,0.9973351359367372,0.9944171905517578,0.9960480332374572,-0.002917945384979359,0.002917945384979359,-0.0012871026992800072,0.0012871026992800072,0.0016308426856993519,0.0016308426856993519
test_00453,0.0218236204236745,0.0153091438114643,0.0271204821765422,-0.006514476612210201,0.006514476612210201,0.005296861752867699,0.005296861752867699,0.0118113383650779,0.0118113383650779
test_00454,0.0030381297692656,0.1350576728582382,0.176446333527565,0.1320195430889726,0.1320195430889726,0.1734082037582994,0.1734082037582994,0.04138866066932681,0.04138866066932681
test_00455,0.965171992778778,0.7579668164253235,0.8551903963088989,-0.20720517635345448,0.20720517635345448,-0.10998159646987904,0.10998159646987904,0.09722357988357544,0.09722357988357544
test_00456,0.998244285583496,0.996248424053192,0.9954017400741576,-0.001995861530303955,0.001995861530303955,-0.002842545509338379,0.002842545509338379,-0.0008466839790344238,0.0008466839790344238
test_00457,0.012488723732531,0.0546081140637397,0.0733205378055572,0.0421193903312087,0.0421193903312087,0.060831814073026194,0.060831814073026194,0.018712423741817495,0.018712423741817495
test_00458,8.710308634363173e-07,0.0013543377863243,0.0054947803728282,0.0013534667554608638,0.0013534667554608638,0.005493909341964764,0.005493909341964764,0.0041404425865039,0.0041404425865039
test_00459,0.6464434862136841,0.9101192355155944,0.9520290493965148,0.2636757493019103,0.2636757493019103,0.3055855631828307,0.3055855631828307,0.04190981388092041,0.04190981388092041
test_00460,0.3481377959251404,0.562077522277832,0.6389131546020508,0.21393972635269165,0.21393972635269165,0.2907753586769104,0.2907753586769104,0.07683563232421875,0.07683563232421875
test_00461,0.0044232639484107,0.0103227933868765,0.0120660495012998,0.0058995294384658,0.0058995294384658,0.007642785552889101,0.007642785552889101,0.001743256114423301,0.001743256114423301
test_00462,0.9970222115516664,0.6577152609825134,0.8175458312034607,-0.33930695056915294,0.33930695056915294,-0.17947638034820568,0.17947638034820568,0.15983057022094727,0.15983057022094727
test_00463,0.2528262436389923,0.5640698075294495,0.5589311122894287,0.31124356389045715,0.31124356389045715,0.3061048686504364,0.3061048686504364,-0.005138695240020752,0.005138695240020752
test_00464,0.0487774685025215,0.5862513780593872,0.7225804924964905,0.5374739095568657,0.5374739095568657,0.673803023993969,0.673803023993969,0.13632911443710327,0.13632911443710327
test_00465,0.1052305847406387,0.9963386058807372,0.9930972456932068,0.8911080211400985,0.8911080211400985,0.887866660952568,0.887866660952568,-0.0032413601875304066,0.0032413601875304066
test_00466,0.1294925510883331,0.0308486428111791,0.0287833046168088,-0.098643908277154,0.098643908277154,-0.1007092464715243,0.1007092464715243,-0.0020653381943702975,0.0020653381943702975
test_00467,3.08830822177697e-05,0.0082325665280222,0.006220918148756,0.008201683445804431,0.008201683445804431,0.006190035066538231,0.006190035066538231,-0.0020116483792662005,0.0020116483792662005
test_00468,0.3023695945739746,0.9116076231002808,0.8961416482925415,0.6092380285263062,0.6092380285263062,0.5937720537185669,0.5937720537185669,-0.015465974807739258,0.015465974807739258
test_00469,3.811727947322652e-05,0.0032063187099993,0.005825197789818,0.0031682014305260734,0.0031682014305260734,0.005787080510344773,0.005787080510344773,0.0026188790798187,0.0026188790798187
