id,dusty_prob_PR0,dusty_prob_PR1,dusty_prob_PR2,diff_PR1_minus_PR0,abs_diff_PR1_vs_PR0,diff_PR2_minus_PR0,abs_diff_PR2_vs_PR0,diff_PR2_minus_PR1,abs_diff_PR2_vs_PR1
test_00000,0.9055571556091307,0.5630597472190857,0.3867484331130981,-0.34249740839004505,0.34249740839004505,-0.5188087224960327,0.5188087224960327,-0.1763113141059876,0.1763113141059876
test_00001,0.2882316410541534,0.0059391432441771,0.0206596087664365,-0.2822924978099763,0.2822924978099763,-0.26757203228771687,0.26757203228771687,0.014720465522259401,0.014720465522259401
test_00002,0.8175095915794373,0.088385134935379,0.0612325444817543,-0.7291244566440582,0.7291244566440582,-0.756277047097683,0.756277047097683,-0.027152590453624698,0.027152590453624698
test_00003,0.1303592026233673,0.1009062603116035,0.2076707929372787,-0.029452942311763805,0.029452942311763805,0.07731159031391138,0.07731159031391138,0.10676453262567519,0.10676453262567519
test_00004,0.6600350141525269,0.0104860179126262,0.0025755208916962,-0.6495489962399007,0.6495489962399007,-0.6574594932608306,0.6574594932608306,-0.00791049702093,0.00791049702093
test_00005,0.7145287990570068,0.7726424336433411,0.7107651233673096,0.05811363458633423,0.05811363458633423,-0.0037636756896972656,0.0037636756896972656,-0.061877310276031494,0.061877310276031494
test_00006,0.5212808847427368,0.0030633646529167,0.0049721174873411,-0.5182175200898201,0.5182175200898201,-0.5163087672553958,0.5163087672553958,0.0019087528344243995,0.0019087528344243995
test_00007,0.4866757392883301,0.4296110570430755,0.0507364012300968,-0.05706468224525457,0.05706468224525457,-0.43593933805823326,0.43593933805823326,-0.3788746558129787,0.3788746558129787
test_00008,0.8931191563606262,0.6524239182472229,0.1736025512218475,-0.24069523811340332,0.24069523811340332,-0.7195166051387787,0.7195166051387787,-0.47882136702537537,0.47882136702537537
test_00009,0.7670983076095581,0.918196976184845,0.8200804591178894,0.15109866857528687,0.15109866857528687,0.0529821515083313,0.0529821515083313,-0.09811651706695557,0.09811651706695557
test_00010,0.0408690609037876,0.0009386579040437,0.0007203865679912,-0.0399304029997439,0.0399304029997439,-0.0401486743357964,0.0401486743357964,-0.00021827133605249998,0.00021827133605249998
test_00011,0.8519390821456909,0.0337417908012867,0.0124063985422253,-0.8181972913444042,0.8181972913444042,-0.8395326836034657,0.8395326836034657,-0.0213353922590614,0.0213353922590614
test_00012,0.9098517894744872,0.9260912537574768,0.8574301600456238,0.016239464282989613,0.016239464282989613,-0.052421629428863414,0.052421629428863414,-0.06866109371185303,0.06866109371185303
test_00013,0.1727262139320373,0.0029418598860502,0.0040695192292332,-0.1697843540459871,0.1697843540459871,-0.1686566947028041,0.1686566947028041,0.0011276593431829999,0.0011276593431829999
test_00014,0.4906988441944122,0.4719242751598358,0.1876564919948578,-0.01877456903457636,0.01877456903457636,-0.3030423521995544,0.3030423521995544,-0.284267783164978,0.284267783164978
test_00015,0.3546365201473236,0.0076876399107277,0.0034473647829145,-0.3469488802365959,0.3469488802365959,-0.3511891553644091,0.3511891553644091,-0.004240275127813201,0.004240275127813201
test_00016,0.334431380033493,0.0019719696138054,0.0008220976451411,-0.3324594104196876,0.3324594104196876,-0.3336092823883519,0.3336092823883519,-0.0011498719686642998,0.0011498719686642998
test_00017,0.7473999261856079,0.5218333005905151,0.4230582416057586,-0.22556662559509277,0.22556662559509277,-0.3243416845798493,0.3243416845798493,-0.09877505898475653,0.09877505898475653
test_00018,0.6966289281845093,0.2611787915229797,0.1989288330078125,-0.4354501366615296,0.4354501366615296,-0.4977000951766968,0.4977000951766968,-0.06224995851516718,0.06224995851516718
test_00019,0.485819548368454,0.5181175470352173,0.3569802045822143,0.032297998666763306,0.032297998666763306,-0.12883934378623968,0.12883934378623968,-0.16113734245300299,0.16113734245300299
test_00020,0.1783720552921295,0.0057289754040539,0.0023390117567032,-0.1726430798880756,0.1726430798880756,-0.1760330435354263,0.1760330435354263,-0.0033899636473506997,0.0033899636473506997
test_00021,0.9873364567756652,0.954862117767334,0.9368434548377992,-0.03247433900833119,0.03247433900833119,-0.05049300193786599,0.05049300193786599,-0.0180186629295348,0.0180186629295348
test_00022,0.6275227665901184,0.5686115622520447,0.5304513573646545,-0.05891120433807373,0.05891120433807373,-0.09707140922546387,0.09707140922546387,-0.03816020488739014,0.03816020488739014
test_00023,0.1408736705780029,0.0004975767224095,0.0003117639862466,-0.1403760938555934,0.1403760938555934,-0.1405619065917563,0.1405619065917563,-0.00018581273616289994,0.00018581273616289994
test_00024,0.3065730929374695,0.0039935712702572,0.0012446411419659,-0.3025795216672123,0.3025795216672123,-0.3053284517955036,0.3053284517955036,-0.0027489301282912996,0.0027489301282912996
test_00025,0.9560225009918212,0.2525607347488403,0.4623189270496368,-0.703461766242981,0.703461766242981,-0.4937035739421844,0.4937035739421844,0.2097581923007965,0.2097581923007965
test_00026,0.9015156030654908,0.042911097407341,0.0416626222431659,-0.8586045056581498,0.8586045056581498,-0.859852980822325,0.859852980822325,-0.001248475164175103,0.001248475164175103
test_00027,0.4664165079593658,0.896528959274292,0.8393843173980713,0.4301124513149262,0.4301124513149262,0.3729678094387055,0.3729678094387055,-0.0571446418762207,0.0571446418762207
test_00028,0.881980836391449,0.1184341758489608,0.0894163995981216,-0.7635466605424882,0.7635466605424882,-0.7925644367933273,0.7925644367933273,-0.029017776250839192,0.029017776250839192
test_00029,0.2882606387138366,0.0180363655090332,0.005059088114649,-0.2702242732048034,0.2702242732048034,-0.2832015505991876,0.2832015505991876,-0.0129772773943842,0.0129772773943842
test_00030,0.0021033710800111,1.3279071026772726e-05,2.1574753191089258e-05,-0.002090092008984327,0.002090092008984327,-0.0020817963268200106,0.0020817963268200106,8.295682164316531e-06,8.295682164316531e-06
test_00031,0.0772869661450386,4.508903657551855e-05,1.3465022675518412e-05,-0.07724187710846309,0.07724187710846309,-0.07727350112236309,0.07727350112236309,-3.1624013900000136e-05,3.1624013900000136e-05
test_00032,0.9583417773246764,0.8076581358909607,0.6278084516525269,-0.1506836414337157,0.1506836414337157,-0.33053332567214955,0.33053332567214955,-0.17984968423843384,0.17984968423843384
test_00033,0.173110082745552,0.0644262433052063,0.0108475619927048,-0.10868383944034571,0.10868383944034571,-0.1622625207528472,0.1622625207528472,-0.0535786813125015,0.0535786813125015
test_00034,0.3671521842479706,0.0088602770119905,0.0015880829887464,-0.3582919072359801,0.3582919072359801,-0.3655641012592242,0.3655641012592242,-0.0072721940232441,0.0072721940232441
test_00035,0.2372695654630661,0.0133728915825486,0.0033566262573003,-0.2238966738805175,0.2238966738805175,-0.2339129392057658,0.2339129392057658,-0.010016265325248299,0.010016265325248299
test_00036,0.7110024690628052,0.0321550369262695,0.0335174351930618,-0.6788474321365356,0.6788474321365356,-0.6774850338697433,0.6774850338697433,0.0013623982667923043,0.0013623982667923043
test_00037,0.7323253154754639,0.9315928816795348,0.7108133435249329,0.19926756620407093,0.19926756620407093,-0.021511971950531006,0.021511971950531006,-0.22077953815460194,0.22077953815460194
test_00038,0.94171541929245,0.4878423810005188,0.2892358601093292,-0.45387303829193115,0.45387303829193115,-0.6524795591831207,0.6524795591831207,-0.19860652089118958,0.19860652089118958
test_00039,0.8956582546234131,0.2409892082214355,0.0608552806079387,-0.6546690464019775,0.6546690464019775,-0.8348029740154744,0.8348029740154744,-0.18013392761349678,0.18013392761349678
test_00040,0.8572079539299011,0.6420804262161255,0.5634761452674866,-0.21512752771377563,0.21512752771377563,-0.29373180866241455,0.29373180866241455,-0.07860428094863892,0.07860428094863892
test_00041,0.791226863861084,0.5919110178947449,0.4575747549533844,-0.1993158459663391,0.1993158459663391,-0.3336521089076996,0.3336521089076996,-0.13433626294136047,0.13433626294136047
test_00042,0.0373834259808063,0.0020719801541417,0.0020051798783242,-0.0353114458266646,0.0353114458266646,-0.0353782461024821,0.0353782461024821,-6.680027581750002e-05,6.680027581750002e-05
test_00043,0.232045441865921,0.007008446380496,0.0087221590802073,-0.225036995485425,0.225036995485425,-0.2233232827857137,0.2233232827857137,0.0017137126997112994,0.0017137126997112994
test_00044,0.2151985764503479,0.0008346344693563,0.0009091253159567,-0.2143639419809916,0.2143639419809916,-0.2142894511343912,0.2142894511343912,7.44908466004e-05,7.44908466004e-05
test_00045,0.3983385264873504,0.0027995517011731,0.0008754464215599,-0.39553897478617733,0.39553897478617733,-0.3974630800657905,0.3974630800657905,-0.0019241052796132,0.0019241052796132
test_00046,0.7558698654174805,0.2099143415689468,0.0424562059342861,-0.5459555238485336,0.5459555238485336,-0.7134136594831944,0.7134136594831944,-0.16745813563466072,0.16745813563466072
test_00047,0.5313684940338135,0.0199357215315103,0.0173799786716699,-0.5114327725023031,0.5114327725023031,-0.5139885153621436,0.5139885153621436,-0.0025557428598404,0.0025557428598404
test_00048,0.6906083822250366,0.2982592582702636,0.4430922865867615,-0.392349123954773,0.392349123954773,-0.24751609563827515,0.24751609563827515,0.14483302831649786,0.14483302831649786
test_00049,0.2874922752380371,0.0003913008258678,0.0001828576350817,-0.2871009744121693,0.2871009744121693,-0.2873094176029554,0.2873094176029554,-0.0002084431907861,0.0002084431907861
test_00050,0.3106685280799866,0.1705541014671325,0.168450653553009,-0.14011442661285406,0.14011442661285406,-0.14221787452697757,0.14221787452697757,-0.0021034479141235074,0.0021034479141235074
test_00051,0.6831181645393372,0.837517261505127,0.8793884515762329,0.1543990969657898,0.1543990969657898,0.19627028703689575,0.19627028703689575,0.04187119007110596,0.04187119007110596
test_00052,0.7203448414802551,0.5374451875686646,0.3073009550571441,-0.18289965391159058,0.18289965391159058,-0.413043886423111,0.413043886423111,-0.23014423251152044,0.23014423251152044
test_00053,0.8318676352500916,0.3203653395175934,0.2105733305215835,-0.5115022957324982,0.5115022957324982,-0.621294304728508,0.621294304728508,-0.10979200899600988,0.10979200899600988
test_00054,0.2436505407094955,0.0021288739517331,0.0050306688062846,-0.24152166675776238,0.24152166675776238,-0.23861987190321088,0.23861987190321088,0.0029017948545515,0.0029017948545515
test_00055,0.1169682070612907,0.0003361476119607,0.0008362249354831,-0.11663205944933,0.11663205944933,-0.1161319821258076,0.1161319821258076,0.0005000773235224001,0.0005000773235224001
test_00056,0.6007258892059326,0.3234340250492096,0.2761432826519012,-0.277291864156723,0.277291864156723,-0.3245826065540314,0.3245826065540314,-0.047290742397308405,0.047290742397308405
test_00057,0.155983492732048,0.0009450088837184,0.0009609954431653,-0.1550384838483296,0.1550384838483296,-0.1550224972888827,0.1550224972888827,1.59865594469e-05,1.59865594469e-05
test_00058,0.2466458976268768,0.0313695296645164,0.0251685567200183,-0.2152763679623604,0.2152763679623604,-0.2214773409068585,0.2214773409068585,-0.0062009729444981,0.0062009729444981
test_00059,0.8698527812957764,0.8957440257072449,0.6680346727371216,0.025891244411468506,0.025891244411468506,-0.20181810855865479,0.20181810855865479,-0.2277093529701233,0.2277093529701233
test_00060,0.7716090083122253,0.3578212857246399,0.2768215239048004,-0.41378772258758545,0.41378772258758545,-0.4947874844074249,0.4947874844074249,-0.08099976181983948,0.08099976181983948
test_00061,0.5012737512588501,0.02867117151618,0.044691577553749,-0.4726025797426701,0.4726025797426701,-0.4565821737051011,0.4565821737051011,0.016020406037569,0.016020406037569
test_00062,0.975407063961029,0.992681324481964,0.9634556770324708,0.017274260520934948,0.017274260520934948,-0.011951386928558239,0.011951386928558239,-0.029225647449493186,0.029225647449493186
test_00063,0.9489074945449828,0.909854769706726,0.8729087710380554,-0.039052724838256836,0.039052724838256836,-0.07599872350692738,0.07599872350692738,-0.03694599866867054,0.03694599866867054
test_00064,0.040401354432106,0.0001272230583708,9.044013859238476e-05,-0.0402741313737352,0.0402741313737352,-0.04031091429351361,0.04031091429351361,-3.678291977841526e-05,3.678291977841526e-05
test_00065,0.9777002930641174,0.9165149927139282,0.9276082515716552,-0.06118530035018921,0.06118530035018921,-0.05009204149246227,0.05009204149246227,0.01109325885772694,0.01109325885772694
test_00066,0.3757891058921814,0.0395128950476646,0.0426140986382961,-0.3362762108445168,0.3362762108445168,-0.33317500725388527,0.33317500725388527,0.003101203590631499,0.003101203590631499
test_00067,0.2016075849533081,0.0002429216110613,0.0004243464791215,-0.2013646633422468,0.2013646633422468,-0.2011832384741866,0.2011832384741866,0.0001814248680602,0.0001814248680602
test_00068,0.0436117388308048,0.3024898469448089,0.3150572776794433,0.25887810811400414,0.25887810811400414,0.27144553884863853,0.27144553884863853,0.0125674307346344,0.0125674307346344
test_00069,0.2472276240587234,0.0137323597446084,0.0129468329250812,-0.233495264314115,0.233495264314115,-0.2342807911336422,0.2342807911336422,-0.0007855268195272012,0.0007855268195272012
test_00070,0.1554589867591858,0.0010184820275753,0.0006991289556026,-0.1544405047316105,0.1544405047316105,-0.1547598578035832,0.1547598578035832,-0.0003193530719726999,0.0003193530719726999
test_00071,0.1285385191440582,0.0012903921306133,0.0022479735780507,-0.1272481270134449,0.1272481270134449,-0.1262905455660075,0.1262905455660075,0.0009575814474374002,0.0009575814474374002
test_00072,0.3455962836742401,0.0014207168715074,0.0005249960813671,-0.3441755668027327,0.3441755668027327,-0.34507128759287303,0.34507128759287303,-0.0008957207901402999,0.0008957207901402999
test_00073,0.504160463809967,0.006295773666352,0.0032565887086093,-0.49786469014361506,0.49786469014361506,-0.5009038751013577,0.5009038751013577,-0.0030391849577426997,0.0030391849577426997
test_00074,0.8883340954780579,0.9709149599075316,0.9792720675468444,0.08258086442947377,0.08258086442947377,0.09093797206878651,0.09093797206878651,0.008357107639312744,0.008357107639312744
test_00075,0.0477313697338104,0.0003428143099881,0.0002118930278811,-0.047388555423822296,0.047388555423822296,-0.0475194767059293,0.0475194767059293,-0.00013092128210700002,0.00013092128210700002
test_00076,0.5946239233016968,0.0398199334740638,0.0172762293368577,-0.554803989827633,0.554803989827633,-0.5773476939648391,0.5773476939648391,-0.0225437041372061,0.0225437041372061
test_00077,0.7812422513961792,0.3244427144527435,0.1542861610651016,-0.4567995369434357,0.4567995369434357,-0.6269560903310776,0.6269560903310776,-0.17015655338764188,0.17015655338764188
test_00078,0.2329043447971344,0.0011907670414075,0.0007328988867811,-0.2317135777557269,0.2317135777557269,-0.2321714459103533,0.2321714459103533,-0.00045786815462639996,0.00045786815462639996
test_00079,0.976069986820221,0.9958836436271667,0.9955768585205078,0.0198136568069458,0.0198136568069458,0.019506871700286865,0.019506871700286865,-0.00030678510665893555,0.00030678510665893555
test_00080,0.4571144580841064,0.0004751523956656,0.0002646541106514,-0.4566393056884408,0.4566393056884408,-0.456849803973455,0.456849803973455,-0.0002104982850142,0.0002104982850142
test_00081,0.9331757426261902,0.7825912237167358,0.651588499546051,-0.15058451890945435,0.15058451890945435,-0.28158724308013916,0.28158724308013916,-0.13100272417068481,0.13100272417068481
test_00082,0.3336797654628753,0.0422886945307254,0.0145418513566255,-0.2913910709321499,0.2913910709321499,-0.3191379141062498,0.3191379141062498,-0.0277468431740999,0.0277468431740999
test_00083,0.5903357863426208,0.1016477420926094,0.068266175687313,-0.48868804425001144,0.48868804425001144,-0.5220696106553079,0.5220696106553079,-0.03338156640529641,0.03338156640529641
test_00084,0.4924463927745819,0.0905945301055908,0.0457907915115356,-0.4018518626689911,0.4018518626689911,-0.4466556012630463,0.4466556012630463,-0.044803738594055204,0.044803738594055204
test_00085,0.1967926025390625,0.0157042611390352,0.0027958252467215,-0.1810883414000273,0.1810883414000273,-0.193996777292341,0.193996777292341,-0.012908435892313701,0.012908435892313701
test_00086,0.7289914488792419,0.0045612091198563,0.012241518124938,-0.7244302397593857,0.7244302397593857,-0.7167499307543039,0.7167499307543039,0.0076803090050817,0.0076803090050817
test_00087,0.0908743888139724,0.0023809175472706,0.0050956564955413,-0.0884934712667018,0.0884934712667018,-0.0857787323184311,0.0857787323184311,0.0027147389482707,0.0027147389482707
test_00088,0.1128623634576797,0.0009461517329327,0.0013532101875171,-0.111916211724747,0.111916211724747,-0.1115091532701626,0.1115091532701626,0.00040705845458440003,0.00040705845458440003
test_00089,0.8704054951667786,0.7656480073928833,0.7147054076194763,-0.10475748777389526,0.10475748777389526,-0.15570008754730225,0.15570008754730225,-0.05094259977340698,0.05094259977340698
test_00090,0.9345347285270692,0.9811205267906188,0.9243218302726746,0.04658579826354958,0.04658579826354958,-0.010212898254394642,0.010212898254394642,-0.056798696517944225,0.056798696517944225
test_00091,0.217422530055046,0.0066690798848867,0.0073975012637674,-0.21075345017015928,0.21075345017015928,-0.2100250287912786,0.2100250287912786,0.0007284213788807002,0.0007284213788807002
test_00092,0.2600277066230774,0.0069833826273679,0.0213808715343475,-0.2530443239957095,0.2530443239957095,-0.2386468350887299,0.2386468350887299,0.014397488906979599,0.014397488906979599
test_00093,0.1389510482549667,0.0017879648366943,0.0023876682389527,-0.1371630834182724,0.1371630834182724,-0.136563380016014,0.136563380016014,0.0005997034022584,0.0005997034022584
test_00094,0.037089429795742,5.410423545981757e-05,1.2340538887656294e-05,-0.03703532556028218,0.03703532556028218,-0.037077089256854344,0.037077089256854344,-4.176369657216127e-05,4.176369657216127e-05
test_00095,0.8259134292602539,0.7288345098495483,0.6951794624328613,-0.09707891941070557,0.09707891941070557,-0.13073396682739258,0.13073396682739258,-0.03365504741668701,0.03365504741668701
test_00096,0.1858026385307312,0.0305748544633388,0.0189984757453203,-0.1552277840673924,0.1552277840673924,-0.1668041627854109,0.1668041627854109,-0.0115763787180185,0.0115763787180185
test_00097,0.2504979074001312,0.04148805513978,0.0498021207749843,-0.20900985226035124,0.20900985226035124,-0.20069578662514692,0.20069578662514692,0.008314065635204294,0.008314065635204294
test_00098,0.7182894349098206,0.9799688458442688,0.9253715872764589,0.26167941093444824,0.26167941093444824,0.2070821523666383,0.2070821523666383,-0.05459725856780995,0.05459725856780995
test_00099,0.2758488953113556,0.000180439237738,0.0001480660430388,-0.2756684560736176,0.2756684560736176,-0.2757008292683168,0.2757008292683168,-3.2373194699199996e-05,3.2373194699199996e-05
test_00100,0.99905925989151,0.97529274225235,0.9805755615234376,-0.023766517639160045,0.023766517639160045,-0.0184836983680724,0.0184836983680724,0.0052828192710876465,0.0052828192710876465
test_00101,0.8866099119186401,0.0969300717115402,0.1719328016042709,-0.7896798402070999,0.7896798402070999,-0.7146771103143692,0.7146771103143692,0.07500272989273071,0.07500272989273071
test_00102,0.8104575872421265,0.995023250579834,0.968966007232666,0.18456566333770752,0.18456566333770752,0.15850841999053955,0.15850841999053955,-0.02605724334716797,0.02605724334716797
test_00103,0.0821377038955688,0.0126164881512522,0.0060363747179508,-0.0695212157443166,0.0695212157443166,-0.076101329177618,0.076101329177618,-0.0065801134333014,0.0065801134333014
test_00104,0.7198560833930969,0.0428969003260135,0.0096114268526434,-0.6769591830670835,0.6769591830670835,-0.7102446565404535,0.7102446565404535,-0.0332854734733701,0.0332854734733701
test_00105,0.602556049823761,0.0261622611433267,0.0558473728597164,-0.5763937886804343,0.5763937886804343,-0.5467086769640446,0.5467086769640446,0.0296851117163897,0.0296851117163897
test_00106,0.9281924366950988,0.5694021582603455,0.8025348782539368,-0.3587902784347533,0.3587902784347533,-0.125657558441162,0.125657558441162,0.2331327199935913,0.2331327199935913
test_00107,0.5014222264289856,0.2421817928552627,0.0655522122979164,-0.2592404335737229,0.2592404335737229,-0.4358700141310692,0.4358700141310692,-0.1766295805573463,0.1766295805573463
test_00108,0.3801555335521698,0.0248201303184032,0.0247730240225791,-0.3553354032337666,0.3553354032337666,-0.3553825095295907,0.3553825095295907,-4.7106295824099476e-05,4.7106295824099476e-05
test_00109,0.2728932201862335,0.009848847053945,0.0053433650173246,-0.2630443731322885,0.2630443731322885,-0.26754985516890895,0.26754985516890895,-0.0045054820366204,0.0045054820366204
test_00110,0.4431810975074768,0.0430403165519237,0.0143081312999129,-0.4001407809555531,0.4001407809555531,-0.42887296620756393,0.42887296620756393,-0.0287321852520108,0.0287321852520108
test_00111,0.8413662910461426,0.1684906184673309,0.252206414937973,-0.6728756725788116,0.6728756725788116,-0.5891598761081696,0.5891598761081696,0.08371579647064212,0.08371579647064212
test_00112,0.5473403930664062,0.7697398662567139,0.632242739200592,0.22239947319030762,0.22239947319030762,0.08490234613418579,0.08490234613418579,-0.13749712705612183,0.13749712705612183
test_00113,0.2256041020154953,0.0109813064336776,0.0032179141417145,-0.2146227955818177,0.2146227955818177,-0.2223861878737808,0.2223861878737808,-0.0077633922919631,0.0077633922919631
test_00114,0.2958336472511291,0.0390131510794162,0.0055201165378093,-0.2568204961717129,0.2568204961717129,-0.2903135307133198,0.2903135307133198,-0.033493034541606896,0.033493034541606896
test_00115,0.6309376955032349,0.0004659613477997,0.0010281169088557,-0.6304717341554351,0.6304717341554351,-0.6299095785943791,0.6299095785943791,0.000562155561056,0.000562155561056
test_00116,0.6192380785942078,0.5755274891853333,0.2406139373779297,-0.04371058940887451,0.04371058940887451,-0.3786241412162781,0.3786241412162781,-0.33491355180740356,0.33491355180740356
test_00117,0.1255262643098831,0.0131134064868092,0.0096840998157858,-0.11241285782307389,0.11241285782307389,-0.11584216449409729,0.11584216449409729,-0.0034293066710234,0.0034293066710234
test_00118,0.912713885307312,0.9938125610351562,0.9766056537628174,0.08109867572784424,0.08109867572784424,0.06389176845550537,0.06389176845550537,-0.017206907272338867,0.017206907272338867
test_00119,0.1886109411716461,0.0130774555727839,0.0029351543635129,-0.1755334855988622,0.1755334855988622,-0.18567578680813318,0.18567578680813318,-0.010142301209271,0.010142301209271
test_00120,0.4024926126003265,0.0373545289039611,0.005661588627845,-0.36513808369636536,0.36513808369636536,-0.3968310239724815,0.3968310239724815,-0.0316929402761161,0.0316929402761161
test_00121,0.793393611907959,0.984887421131134,0.9728241562843324,0.19149380922317505,0.19149380922317505,0.1794305443763734,0.1794305443763734,-0.012063264846801647,0.012063264846801647
test_00122,0.3674947619438171,0.0327433310449123,0.0994615480303764,-0.3347514308989048,0.3347514308989048,-0.2680332139134407,0.2680332139134407,0.06671821698546411,0.06671821698546411
test_00123,0.7501932978630066,0.0084220990538597,0.0123401340097188,-0.7417711988091469,0.7417711988091469,-0.7378531638532878,0.7378531638532878,0.003918034955859099,0.003918034955859099
test_00124,0.5539752840995789,2.247728298243601e-05,5.262978902464965e-06,-0.5539528068165964,0.5539528068165964,-0.5539700211206764,0.5539700211206764,-1.7214304079971043e-05,1.7214304079971043e-05
test_00125,0.0180362723767757,0.0110721448436379,0.0030865860171616,-0.0069641275331378,0.0069641275331378,-0.0149496863596141,0.0149496863596141,-0.0079855588264763,0.0079855588264763
test_00126,0.5250123739242554,0.162275806069374,0.0687002390623092,-0.3627365678548814,0.3627365678548814,-0.45631213486194616,0.45631213486194616,-0.0935755670070648,0.0935755670070648
test_00127,0.8505195379257202,0.5798509120941162,0.6256207227706909,-0.270668625831604,0.270668625831604,-0.2248988151550293,0.2248988151550293,0.04576981067657471,0.04576981067657471
test_00128,0.0127118006348609,0.0326618030667305,0.0775578022003173,0.019950002431869597,0.019950002431869597,0.0648460015654564,0.0648460015654564,0.0448959991335868,0.0448959991335868
test_00129,0.9650365114212036,0.987310528755188,0.9880902767181396,0.022274017333984375,0.022274017333984375,0.023053765296936035,0.023053765296936035,0.0007797479629516602,0.0007797479629516602
test_00130,0.9126039147377014,0.6142034530639648,0.4778653085231781,-0.2984004616737366,0.2984004616737366,-0.4347386062145233,0.4347386062145233,-0.13633814454078674,0.13633814454078674
test_00131,0.1143850162625312,0.0007336480193771,0.0011618044227361,-0.1136513682431541,0.1136513682431541,-0.1132232118397951,0.1132232118397951,0.000428156403359,0.000428156403359
test_00132,0.8465147614479065,0.7262491583824158,0.4775498807430267,-0.12026560306549072,0.12026560306549072,-0.3689648807048798,0.3689648807048798,-0.2486992776393891,0.2486992776393891
test_00133,0.8590019941329956,0.4345598816871643,0.6273093819618225,-0.4244421124458313,0.4244421124458313,-0.2316926121711731,0.2316926121711731,0.1927495002746582,0.1927495002746582
test_00134,0.5128936767578125,0.0043800943531095,0.0013394373236224,-0.508513582404703,0.508513582404703,-0.5115542394341901,0.5115542394341901,-0.0030406570294871,0.0030406570294871
test_00135,0.0602586679160594,0.0401398874819278,0.0059277103282511,-0.020118780434131595,0.020118780434131595,-0.054330957587808294,0.054330957587808294,-0.0342121771536767,0.0342121771536767
test_00136,0.6768067479133606,0.0251020621508359,0.0248736459761858,-0.6517046857625247,0.6517046857625247,-0.6519331019371748,0.6519331019371748,-0.00022841617465010206,0.00022841617465010206
test_00137,0.8444541096687317,0.4523172974586487,0.1601512134075164,-0.392136812210083,0.392136812210083,-0.6843028962612153,0.6843028962612153,-0.2921660840511323,0.2921660840511323
test_00138,0.7357359528541565,0.0622650943696498,0.041260614991188,-0.6734708584845067,0.6734708584845067,-0.6944753378629684,0.6944753378629684,-0.021004479378461796,0.021004479378461796
test_00139,0.7103456258773804,0.1778902262449264,0.239201620221138,-0.5324553996324539,0.5324553996324539,-0.47114400565624237,0.47114400565624237,0.0613113939762116,0.0613113939762116
test_00140,0.3072038888931274,0.0173370037227869,0.004946528468281,-0.2898668851703405,0.2898668851703405,-0.3022573604248464,0.3022573604248464,-0.0123904752545059,0.0123904752545059
test_00141,0.5507590770721436,0.7124161124229431,0.7839189171791077,0.16165703535079956,0.16165703535079956,0.2331598401069641,0.2331598401069641,0.07150280475616455,0.07150280475616455
test_00142,0.541782796382904,0.0130492970347404,0.004448102787137,-0.5287334993481636,0.5287334993481636,-0.537334693595767,0.537334693595767,-0.008601194247603399,0.008601194247603399
test_00143,0.6466336846351624,0.3284863531589508,0.1142788678407669,-0.31814733147621155,0.31814733147621155,-0.5323548167943954,0.5323548167943954,-0.2142074853181839,0.2142074853181839
test_00144,0.5319044589996338,0.8198623657226562,0.7319987416267395,0.28795790672302246,0.28795790672302246,0.2000942826271057,0.2000942826271057,-0.08786362409591675,0.08786362409591675
test_00145,0.6659204363822937,0.7146588563919067,0.642611563205719,0.04873842000961304,0.04873842000961304,-0.023308873176574707,0.023308873176574707,-0.07204729318618774,0.07204729318618774
test_00146,0.993760883808136,0.9998138546943665,0.9991768002510072,0.006052970886230469,0.006052970886230469,0.005415916442871205,0.005415916442871205,-0.000637054443359264,0.000637054443359264
test_00147,0.7780899405479431,0.2851915657520294,0.3422253429889679,-0.4928983747959137,0.4928983747959137,-0.4358645975589752,0.4358645975589752,0.05703377723693848,0.05703377723693848
test_00148,0.9413223266601562,0.3111732900142669,0.4435454607009887,-0.6301490366458893,0.6301490366458893,-0.49777686595916754,0.49777686595916754,0.1323721706867218,0.1323721706867218
test_00149,0.7903964519500732,0.1432356536388397,0.2751050889492035,-0.6471607983112335,0.6471607983112335,-0.5152913630008698,0.5152913630008698,0.1318694353103638,0.1318694353103638
test_00150,0.5153884887695312,0.7091177701950073,0.5248630046844482,0.19372928142547607,0.19372928142547607,0.009474515914916992,0.009474515914916992,-0.18425476551055908,0.18425476551055908
test_00151,0.8267341256141663,0.0156962219625711,0.002599352505058,-0.8110379036515951,0.8110379036515951,-0.8241347731091082,0.8241347731091082,-0.0130968694575131,0.0130968694575131
test_00152,0.0921234562993049,0.0093763349577784,0.0053482940420508,-0.08274712134152651,0.08274712134152651,-0.08677516225725411,0.08677516225725411,-0.0040280409157276,0.0040280409157276
test_00153,0.0345192439854145,0.0013982394011691,0.0001792262628441,-0.0331210045842454,0.0331210045842454,-0.0343400177225704,0.0343400177225704,-0.001219013138325,0.001219013138325
test_00154,0.9608164429664612,0.9917786717414856,0.9949328303337096,0.030962228775024414,0.030962228775024414,0.034116387367248424,0.034116387367248424,0.00315415859222401,0.00315415859222401
test_00155,0.378561407327652,0.0001609934406587,0.0002177502901758,-0.3784004138869933,0.3784004138869933,-0.3783436570374762,0.3783436570374762,5.6756849517100013e-05,5.6756849517100013e-05
test_00156,0.7228034138679504,0.0006629889830946,0.0021707047708332,-0.7221404248848559,0.7221404248848559,-0.7206327090971172,0.7206327090971172,0.0015077157877386002,0.0015077157877386002
test_00157,0.6375537514686584,0.0917226001620292,0.0972668752074241,-0.5458311513066293,0.5458311513066293,-0.5402868762612344,0.5402868762612344,0.0055442750453948975,0.0055442750453948975
test_00158,0.9984013438224792,0.9977317452430724,0.9980446100234984,-0.0006695985794068493,0.0006695985794068493,-0.0003567337989808239,0.0003567337989808239,0.0003128647804260254,0.0003128647804260254
test_00159,0.0547718852758407,6.010975630488247e-05,1.1581016224226914e-05,-0.054711775519535814,0.054711775519535814,-0.05476030425961647,0.05476030425961647,-4.852874008065555e-05,4.852874008065555e-05
test_00160,0.1962597221136093,0.0123478015884757,0.0035802309866994,-0.18391192052513358,0.18391192052513358,-0.19267949112690988,0.19267949112690988,-0.008767570601776301,0.008767570601776301
test_00161,0.0376076325774192,0.0009896740084514,0.0011664456687867,-0.036617958568967796,0.036617958568967796,-0.036441186908632496,0.036441186908632496,0.00017677166033529994,0.00017677166033529994
test_00162,0.9720423817634584,0.3718150556087494,0.1162988394498825,-0.600227326154709,0.600227326154709,-0.8557435423135759,0.8557435423135759,-0.2555162161588669,0.2555162161588669
test_00163,0.8922879695892334,0.5425074100494385,0.1336543411016464,-0.3497805595397949,0.3497805595397949,-0.758633628487587,0.758633628487587,-0.40885306894779205,0.40885306894779205
test_00164,0.9614068269729614,0.9272648096084596,0.8830062747001648,-0.03414201736450184,0.03414201736450184,-0.07840055227279663,0.07840055227279663,-0.04425853490829479,0.04425853490829479
test_00165,0.213146299123764,0.2505353093147278,0.0392892137169837,0.03738901019096377,0.03738901019096377,-0.1738570854067803,0.1738570854067803,-0.2112460955977441,0.2112460955977441
test_00166,0.9134026765823364,0.970410406589508,0.98588889837265,0.05700773000717152,0.05700773000717152,0.07248622179031361,0.07248622179031361,0.01547849178314209,0.01547849178314209
test_00167,0.6862266063690186,0.0167127568274736,0.014097043313086,-0.6695138495415449,0.6695138495415449,-0.6721295630559325,0.6721295630559325,-0.002615713514387599,0.002615713514387599
test_00168,0.7478125095367432,0.3349756896495819,0.1196952015161514,-0.41283681988716125,0.41283681988716125,-0.6281173080205917,0.6281173080205917,-0.2152804881334305,0.2152804881334305
test_00169,0.2863960266113281,0.0012357361847534,0.0063578230328857,-0.2851602904265747,0.2851602904265747,-0.28003820357844245,0.28003820357844245,0.0051220868481323,0.0051220868481323
test_00170,0.9086246490478516,0.7449747323989868,0.7337443232536316,-0.16364991664886475,0.16364991664886475,-0.17488032579421997,0.17488032579421997,-0.011230409145355225,0.011230409145355225
test_00171,0.2983479499816894,0.0012033999664708,0.0002353661839151,-0.2971445500152186,0.2971445500152186,-0.2981125837977743,0.2981125837977743,-0.0009680337825557,0.0009680337825557
test_00172,0.5277783870697021,0.926680028438568,0.8711085319519043,0.39890164136886586,0.39890164136886586,0.34333014488220215,0.34333014488220215,-0.05557149648666371,0.05557149648666371
test_00173,0.0404031202197074,3.774953074753285e-05,4.095995791431051e-06,-0.040365370688959866,0.040365370688959866,-0.04039902422391597,0.04039902422391597,-3.36535349561018e-05,3.36535349561018e-05
test_00174,0.2512893378734588,0.3089026212692261,0.2064317166805267,0.05761328339576727,0.05761328339576727,-0.0448576211929321,0.0448576211929321,-0.10247090458869937,0.10247090458869937
test_00175,0.1179995909333229,0.0097590070217847,0.0019459436880424,-0.10824058391153821,0.10824058391153821,-0.1160536472452805,0.1160536472452805,-0.0078130633337423,0.0078130633337423
test_00176,0.402241975069046,0.4904761612415313,0.5314620137214661,0.0882341861724853,0.0882341861724853,0.12922003865242004,0.12922003865242004,0.04098585247993475,0.04098585247993475
test_00177,0.3162625730037689,0.1692998856306076,0.0730444341897964,-0.14696268737316132,0.14696268737316132,-0.24321813881397253,0.24321813881397253,-0.0962554514408112,0.0962554514408112
test_00178,0.362073689699173,0.7025744318962097,0.6513941287994385,0.34050074219703674,0.34050074219703674,0.2893204391002655,0.2893204391002655,-0.05118030309677124,0.05118030309677124
test_00179,0.74970942735672,0.002160474890843,0.0021019822452217,-0.7475489524658769,0.7475489524658769,-0.7476074451114982,0.7476074451114982,-5.849264562130018e-05,5.849264562130018e-05
test_00180,0.8598086833953857,0.0280669834464788,0.0143668046221137,-0.8317416999489069,0.8317416999489069,-0.845441878773272,0.845441878773272,-0.013700178824365099,0.013700178824365099
test_00181,0.5006285309791565,0.0125027634203433,0.0523070357739925,-0.4881257675588132,0.4881257675588132,-0.448321495205164,0.448321495205164,0.039804272353649195,0.039804272353649195
test_00182,0.0153357330709695,0.0003677828644867,8.826563134789467e-05,-0.0149679502064828,0.0149679502064828,-0.015247467439621605,0.015247467439621605,-0.0002795172331388053,0.0002795172331388053
test_00183,0.2404180616140365,0.000311374256853,0.0001446027890779,-0.24010668735718352,0.24010668735718352,-0.2402734588249586,0.2402734588249586,-0.00016677146777509998,0.00016677146777509998
test_00184,0.1315734386444091,0.0006805468001402,0.0026439111679792,-0.1308928918442689,0.1308928918442689,-0.12892952747642988,0.12892952747642988,0.001963364367839,0.001963364367839
test_00185,0.0477915368974208,0.0007753093959763,0.0001471178984502,-0.0470162275014445,0.0470162275014445,-0.0476444189989706,0.0476444189989706,-0.0006281914975261,0.0006281914975261
test_00186,0.0077391806989908,0.0090070031583309,0.0134000154212117,0.0012678224593400999,0.0012678224593400999,0.0056608347222209,0.0056608347222209,0.0043930122628808,0.0043930122628808
test_00187,0.1746549755334854,4.3563628423726186e-05,2.3268998120329343e-05,-0.1746114119050617,0.1746114119050617,-0.17463170653536508,0.17463170653536508,-2.0294630303396843e-05,2.0294630303396843e-05
test_00188,0.1359701305627823,0.0027462246362119,0.0009092427208088,-0.13322390592657038,0.13322390592657038,-0.13506088784197348,0.13506088784197348,-0.0018369819154030998,0.0018369819154030998
test_00189,0.7764809727668762,0.9851123690605164,0.9807268381118774,0.20863139629364014,0.20863139629364014,0.20424586534500122,0.20424586534500122,-0.004385530948638916,0.004385530948638916
test_00190,0.5907295942306519,0.8292960524559021,0.5498921275138855,0.23856645822525024,0.23856645822525024,-0.04083746671676636,0.04083746671676636,-0.2794039249420166,0.2794039249420166
test_00191,0.5224629640579224,0.9910451173782348,0.946973979473114,0.4685821533203124,0.4685821533203124,0.42451101541519165,0.42451101541519165,-0.04407113790512074,0.04407113790512074
test_00192,0.6416938304901123,0.0240267477929592,0.0279414150863885,-0.6176670826971531,0.6176670826971531,-0.6137524154037238,0.6137524154037238,0.003914667293429302,0.003914667293429302
test_00193,0.2213378846645355,0.1843141466379165,0.067371055483818,-0.037023738026618985,0.037023738026618985,-0.1539668291807175,0.1539668291807175,-0.11694309115409851,0.11694309115409851
test_00194,0.3007805347442627,0.160593494772911,0.2058654129505157,-0.1401870399713517,0.1401870399713517,-0.094915121793747,0.094915121793747,0.0452719181776047,0.0452719181776047
test_00195,0.7341569662094116,0.1545804440975189,0.0570941381156444,-0.5795765221118927,0.5795765221118927,-0.6770628280937672,0.6770628280937672,-0.0974863059818745,0.0974863059818745
test_00196,0.6635430455207825,0.0569285117089748,0.0760638117790222,-0.6066145338118076,0.6066145338118076,-0.5874792337417603,0.5874792337417603,0.019135300070047406,0.019135300070047406
test_00198,0.095927208662033,7.157876825658605e-05,7.820695464033633e-05,-0.09585562989377641,0.09585562989377641,-0.09584900170739266,0.09584900170739266,6.62818638375029e-06,6.62818638375029e-06
test_00199,0.9158062934875488,0.954539954662323,0.9586341977119446,0.03873366117477417,0.03873366117477417,0.04282790422439575,0.04282790422439575,0.004094243049621582,0.004094243049621582
test_00200,0.102396048605442,0.0003682185779325,0.000189503916772,-0.10202783002750951,0.10202783002750951,-0.10220654468867,0.10220654468867,-0.0001787146611605,0.0001787146611605
test_00201,0.6899434924125671,0.5800915956497192,0.4871383905410766,-0.1098518967628479,0.1098518967628479,-0.20280510187149053,0.20280510187149053,-0.09295320510864263,0.09295320510864263
test_00202,0.9638851881027222,0.9247696995735168,0.9038705825805664,-0.03911548852920532,0.03911548852920532,-0.06001460552215576,0.06001460552215576,-0.02089911699295044,0.02089911699295044
test_00203,0.656123697757721,0.0357983745634555,0.0154735883697867,-0.6203253231942655,0.6203253231942655,-0.6406501093879342,0.6406501093879342,-0.0203247861936688,0.0203247861936688
test_00204,0.6248846054077148,0.841356098651886,0.7617312669754028,0.21647149324417114,0.21647149324417114,0.136846661567688,0.136846661567688,-0.07962483167648315,0.07962483167648315
test_00205,0.4754390120506286,0.0031231231987476,0.0035686553455889,-0.472315888851881,0.472315888851881,-0.4718703567050397,0.4718703567050397,0.00044553214684129976,0.00044553214684129976
test_00206,0.036595270037651,0.0033887492027133,0.0027097887359559,-0.0332065208349377,0.0332065208349377,-0.0338854813016951,0.0338854813016951,-0.0006789604667574002,0.0006789604667574002
test_00207,0.8869130611419678,0.9696004390716552,0.977170705795288,0.08268737792968739,0.08268737792968739,0.0902576446533202,0.0902576446533202,0.0075702667236328125,0.0075702667236328125
test_00208,0.3487838804721832,0.4922527074813843,0.4346497356891632,0.14346882700920105,0.14346882700920105,0.08586585521697998,0.08586585521697998,-0.05760297179222107,0.05760297179222107
test_00209,0.3366505205631256,0.0006114478455856,0.0010042000794783,-0.33603907271754,0.33603907271754,-0.3356463204836473,0.3356463204836473,0.00039275223389270003,0.00039275223389270003
test_00210,0.3990544378757477,0.1954897344112396,0.0927418768405914,-0.20356470346450808,0.20356470346450808,-0.30631256103515625,0.30631256103515625,-0.1027478575706482,0.1027478575706482
test_00211,0.0295143667608499,8.490491018164903e-05,4.210443148622289e-05,-0.02942946185066825,0.02942946185066825,-0.029472262329363678,0.029472262329363678,-4.2800478695426136e-05,4.2800478695426136e-05
test_00212,0.6843045949935913,0.0193217024207115,0.0057088625617325,-0.6649828925728798,0.6649828925728798,-0.6785957324318588,0.6785957324318588,-0.013612839858979,0.013612839858979
test_00213,0.2369641065597534,0.140068769454956,0.0782687291502952,-0.09689533710479739,0.09689533710479739,-0.1586953774094582,0.1586953774094582,-0.0618000403046608,0.0618000403046608
test_00214,0.8846205472946167,0.608777642250061,0.3657639622688293,-0.27584290504455566,0.27584290504455566,-0.5188565850257874,0.5188565850257874,-0.24301367998123174,0.24301367998123174
test_00215,0.0378130599856376,6.372039206326008e-05,7.616056245751679e-05,-0.03774933959357434,0.03774933959357434,-0.037736899423180086,0.037736899423180086,1.2440170394256711e-05,1.2440170394256711e-05
test_00216,0.0428511127829551,3.67640022886917e-05,8.51384102134034e-05,-0.04281434878066641,0.04281434878066641,-0.0427659743727417,0.0427659743727417,4.8374407924711704e-05,4.8374407924711704e-05
test_00217,0.3160207569599151,0.0321656763553619,0.0091140205040574,-0.2838550806045532,0.2838550806045532,-0.3069067364558577,0.3069067364558577,-0.023051655851304496,0.023051655851304496
test_00218,0.9294796586036682,0.8809871673583984,0.8808097839355469,-0.048492491245269775,0.048492491245269775,-0.04866987466812134,0.04866987466812134,-0.0001773834228515625,0.0001773834228515625
test_00219,0.0758508592844009,0.0591025277972221,0.0376951806247234,-0.016748331487178796,0.016748331487178796,-0.0381556786596775,0.0381556786596775,-0.021407347172498703,0.021407347172498703
test_00220,0.0328263565897941,0.0389699414372444,0.0235744845122098,0.006143584847450298,0.006143584847450298,-0.009251872077584305,0.009251872077584305,-0.015395456925034603,0.015395456925034603
test_00221,0.2711742222309112,0.0067152180708944,0.0110494829714298,-0.2644590041600168,0.2644590041600168,-0.2601247392594814,0.2601247392594814,0.004334264900535401,0.004334264900535401
test_00222,0.4932787120342254,0.0559159554541111,0.0505407378077507,-0.4373627565801143,0.4373627565801143,-0.4427379742264747,0.4427379742264747,-0.005375217646360397,0.005375217646360397
test_00223,0.54478919506073,0.546863317489624,0.1724701672792434,0.002074122428894043,0.002074122428894043,-0.37231902778148657,0.37231902778148657,-0.3743931502103806,0.3743931502103806
test_00224,0.9648922085762024,0.6269156336784363,0.5739322900772095,-0.3379765748977661,0.3379765748977661,-0.3909599184989929,0.3909599184989929,-0.05298334360122681,0.05298334360122681
test_00225,0.6774018406867981,0.0934231802821159,0.0103050470352172,-0.5839786604046822,0.5839786604046822,-0.6670967936515809,0.6670967936515809,-0.08311813324689869,0.08311813324689869
test_00226,0.2094271034002304,0.0022579773794859,0.0053280419670045,-0.2071691260207445,0.2071691260207445,-0.2040990614332259,0.2040990614332259,0.0030700645875186,0.0030700645875186
test_00227,0.3261348903179168,0.0031436623539775,0.0112721342593431,-0.3229912279639393,0.3229912279639393,-0.3148627560585737,0.3148627560585737,0.0081284719053656,0.0081284719053656
test_00228,0.7600601315498352,0.9915903210639954,0.9728320240974426,0.23153018951416016,0.23153018951416016,0.21277189254760742,0.21277189254760742,-0.018758296966552734,0.018758296966552734
test_00229,0.3832386136054992,0.0836975798010826,0.1027182191610336,-0.2995410338044166,0.2995410338044166,-0.28052039444446564,0.28052039444446564,0.019020639359951005,0.019020639359951005
test_00230,0.8644370436668396,0.8663780093193054,0.7138211727142334,0.0019409656524658203,0.0019409656524658203,-0.1506158709526062,0.1506158709526062,-0.15255683660507202,0.15255683660507202
test_00231,0.3917261362075805,0.0050105075351893,0.0050582052208483,-0.38671562867239123,0.38671562867239123,-0.3866679309867322,0.3866679309867322,4.7697685659000254e-05,4.7697685659000254e-05
test_00232,0.9940181970596312,0.9828917980194092,0.9842494130134584,-0.011126399040222057,0.011126399040222057,-0.009768784046172874,0.009768784046172874,0.0013576149940491833,0.0013576149940491833
test_00233,0.8698995113372803,0.6373744606971741,0.6441632509231567,-0.2325250506401062,0.2325250506401062,-0.22573626041412354,0.22573626041412354,0.006788790225982666,0.006788790225982666
test_00234,0.1594839394092559,7.476440805476159e-05,9.833561489358544e-05,-0.15940917500120114,0.15940917500120114,-0.1593856037943623,0.1593856037943623,2.3571206838823855e-05,2.3571206838823855e-05
test_00235,0.1214976832270622,0.0583379417657852,0.1422329097986221,-0.063159741461277,0.063159741461277,0.020735226571559906,0.020735226571559906,0.0838949680328369,0.0838949680328369
test_00236,0.2946104109287262,0.9891306161880492,0.9041061401367188,0.694520205259323,0.694520205259323,0.6094957292079926,0.6094957292079926,-0.08502447605133046,0.08502447605133046
test_00237,0.0900081321597099,0.0001951314188772,0.0001523643586551,-0.0898130007408327,0.0898130007408327,-0.08985576780105481,0.08985576780105481,-4.276706022209999e-05,4.276706022209999e-05
test_00238,0.2003699094057083,9.433389641344549e-05,1.192819581774529e-05,-0.20027557550929487,0.20027557550929487,-0.20035798120989057,0.20035798120989057,-8.24057005957002e-05,8.24057005957002e-05
test_00239,0.8739222288131714,0.2974187135696411,0.1716544181108474,-0.5765035152435303,0.5765035152435303,-0.702267810702324,0.702267810702324,-0.12576429545879372,0.12576429545879372
test_00240,0.8544518351554871,0.7379857301712036,0.7882036566734314,-0.11646610498428345,0.11646610498428345,-0.06624817848205566,0.06624817848205566,0.05021792650222778,0.05021792650222778
test_00241,0.3173467218875885,0.0004152083129156,0.0001026996178552,-0.3169315135746729,0.3169315135746729,-0.3172440222697333,0.3172440222697333,-0.0003125086950604,0.0003125086950604
test_00242,0.3157728314399719,0.0295538511127233,0.0267736837267875,-0.28621898032724863,0.28621898032724863,-0.2889991477131844,0.2889991477131844,-0.0027801673859357973,0.0027801673859357973
test_00243,0.4371257126331329,0.731999397277832,0.7644197940826416,0.29487368464469915,0.29487368464469915,0.3272940814495087,0.3272940814495087,0.03242039680480957,0.03242039680480957
test_00244,0.3213783502578735,0.0053457673639059,0.0100874286144971,-0.3160325828939676,0.3160325828939676,-0.3112909216433764,0.3112909216433764,0.0047416612505912,0.0047416612505912
test_00245,0.6007652878761292,0.0328210890293121,0.0118467109277844,-0.567944198846817,0.567944198846817,-0.5889185769483447,0.5889185769483447,-0.020974378101527698,0.020974378101527698
test_00246,0.8758915662765503,0.995363473892212,0.9860839247703552,0.11947190761566173,0.11947190761566173,0.11019235849380493,0.11019235849380493,-0.0092795491218568,0.0092795491218568
test_00247,0.1029699817299842,0.0015469291247427,0.00114426179789,-0.1014230526052415,0.1014230526052415,-0.1018257199320942,0.1018257199320942,-0.00040266732685269985,0.00040266732685269985
test_00248,0.9984511137008668,0.9944909811019896,0.9945359230041504,-0.003960132598877175,0.003960132598877175,-0.00391519069671642,0.00391519069671642,4.4941902160755554e-05,4.4941902160755554e-05
test_00249,0.1329753994941711,0.0883284881711006,0.018351761624217,-0.044646911323070484,0.044646911323070484,-0.11462363786995408,0.11462363786995408,-0.06997672654688361,0.06997672654688361
test_00250,0.903640627861023,0.8653039932250977,0.8101509213447571,-0.03833663463592529,0.03833663463592529,-0.09348970651626587,0.09348970651626587,-0.055153071880340576,0.055153071880340576
test_00251,0.9538360834121704,0.9584039449691772,0.9015557169914246,0.004567861557006836,0.004567861557006836,-0.05228036642074585,0.05228036642074585,-0.056848227977752686,0.056848227977752686
test_00252,0.7694879174232483,0.8673562407493591,0.8839364051818848,0.09786832332611084,0.09786832332611084,0.11444848775863647,0.11444848775863647,0.016580164432525635,0.016580164432525635
test_00253,0.6373864412307739,0.2419113218784332,0.3156677782535553,-0.3954751193523407,0.3954751193523407,-0.32171866297721863,0.32171866297721863,0.0737564563751221,0.0737564563751221
test_00254,0.0358398705720901,0.000578197534196,0.0001452614378649,-0.0352616730378941,0.0352616730378941,-0.0356946091342252,0.0356946091342252,-0.0004329360963311,0.0004329360963311
test_00255,0.6692221760749817,0.7868568897247314,0.5164178609848022,0.11763471364974976,0.11763471364974976,-0.15280431509017944,0.15280431509017944,-0.2704390287399292,0.2704390287399292
test_00256,0.8419085144996643,0.3704299032688141,0.2419956028461456,-0.4714786112308502,0.4714786112308502,-0.5999129116535187,0.5999129116535187,-0.12843430042266848,0.12843430042266848
test_00257,0.104468360543251,0.0001982407266041,0.0002042502601398,-0.1042701198166469,0.1042701198166469,-0.1042641102831112,0.1042641102831112,6.009533535700012e-06,6.009533535700012e-06
test_00258,0.0774644166231155,0.001259934855625,0.0040478119626641,-0.07620448176749049,0.07620448176749049,-0.0734166046604514,0.0734166046604514,0.0027878771070390996,0.0027878771070390996
test_00259,0.9517478942871094,0.6399565935134888,0.7785844206809998,-0.3117913007736206,0.3117913007736206,-0.17316347360610962,0.17316347360610962,0.138627827167511,0.138627827167511
test_00260,0.8726126551628113,0.8694688677787781,0.9068779349327089,-0.003143787384033203,0.003143787384033203,0.03426527976989757,0.03426527976989757,0.037409067153930775,0.037409067153930775
test_00261,0.0928381606936454,0.5488648414611816,0.4967060685157776,0.4560266807675363,0.4560266807675363,0.4038679078221322,0.4038679078221322,-0.05215877294540405,0.05215877294540405
test_00262,0.125857412815094,8.266095392173156e-05,3.62111022695899e-05,-0.12577475186117226,0.12577475186117226,-0.1258212017128244,0.1258212017128244,-4.644985165214166e-05,4.644985165214166e-05
test_00263,0.9979795813560486,0.9904718399047852,0.9857794046401978,-0.007507741451263428,0.007507741451263428,-0.01220017671585083,0.01220017671585083,-0.004692435264587402,0.004692435264587402
test_00264,0.1259908378124237,0.0718550905585289,0.0642774254083633,-0.054135747253894806,0.054135747253894806,-0.061713412404060405,0.061713412404060405,-0.0075776651501655995,0.0075776651501655995
test_00265,0.1498240381479263,0.0176035314798355,0.009384430013597,-0.1322205066680908,0.1322205066680908,-0.1404396081343293,0.1404396081343293,-0.0082191014662385,0.0082191014662385
test_00266,0.0022603592369705,0.00074321689317,0.0022876148577779,-0.0015171423438005002,0.0015171423438005002,2.7255620807399746e-05,2.7255620807399746e-05,0.0015443979646079,0.0015443979646079
test_00267,0.9282785058021544,0.2602031230926513,0.1372621208429336,-0.6680753827095032,0.6680753827095032,-0.7910163849592209,0.7910163849592209,-0.12294100224971771,0.12294100224971771
test_00268,0.3827026784420013,0.0014018982183188,0.0016502339858561,-0.38130078022368247,0.38130078022368247,-0.38105244445614517,0.38105244445614517,0.0002483357675372999,0.0002483357675372999
test_00269,0.188639834523201,0.000125177350128,0.0013666630256921,-0.188514657173073,0.188514657173073,-0.18727317149750888,0.18727317149750888,0.0012414856755641002,0.0012414856755641002
test_00270,0.9536243677139282,0.9968873858451844,0.9935758709907532,0.043263018131256215,0.043263018131256215,0.03995150327682495,0.03995150327682495,-0.0033115148544312634,0.0033115148544312634
test_00271,0.2226172238588333,0.013928041793406,0.0213074963539838,-0.2086891820654273,0.2086891820654273,-0.20130972750484952,0.20130972750484952,0.0073794545605778,0.0073794545605778
test_00272,0.4558034241199493,0.0051745260134339,0.0030509675852954,-0.4506288981065154,0.4506288981065154,-0.4527524565346539,0.4527524565346539,-0.0021235584281385,0.0021235584281385
test_00273,0.7371172308921814,0.0197894684970378,0.0065523935481905,-0.7173277623951436,0.7173277623951436,-0.7305648373439909,0.7305648373439909,-0.0132370749488473,0.0132370749488473
test_00274,0.090744599699974,0.0012758837547153,0.0034740383271127,-0.08946871594525871,0.08946871594525871,-0.08727056137286131,0.08727056137286131,0.0021981545723974,0.0021981545723974
test_00275,0.1606937795877456,0.0141924861818552,0.014783845283091,-0.1465012934058904,0.1465012934058904,-0.1459099343046546,0.1459099343046546,0.0005913591012358006,0.0005913591012358006
test_00276,0.4589920341968536,0.7372754216194153,0.678472638130188,0.2782833874225617,0.2782833874225617,0.2194806039333344,0.2194806039333344,-0.058802783489227295,0.058802783489227295
test_00277,0.7131397724151611,0.0014884114498272,0.0009766545845195,-0.7116513609653339,0.7116513609653339,-0.7121631178306417,0.7121631178306417,-0.0005117568653077,0.0005117568653077
test_00278,0.7731074690818787,0.9276059865951538,0.8675653338432312,0.15449851751327515,0.15449851751327515,0.09445786476135254,0.09445786476135254,-0.06004065275192261,0.06004065275192261
test_00279,0.7151579856872559,0.2146798968315124,0.1199923828244209,-0.5004780888557434,0.5004780888557434,-0.5951656028628349,0.5951656028628349,-0.0946875140070915,0.0946875140070915
test_00280,0.8300092220306396,0.018077690154314,0.0104136010631918,-0.8119315318763256,0.8119315318763256,-0.8195956209674479,0.8195956209674479,-0.007664089091122199,0.007664089091122199
test_00281,0.1892559081315994,0.0044687665067613,0.0060691973194479,-0.18478714162483809,0.18478714162483809,-0.1831867108121515,0.1831867108121515,0.0016004308126865993,0.0016004308126865993
test_00282,0.7243109941482544,0.0080852098762989,0.0081908302381634,-0.7162257842719555,0.7162257842719555,-0.716120163910091,0.716120163910091,0.00010562036186450088,0.00010562036186450088
test_00283,0.8178486227989197,0.1077854856848716,0.1391633450984954,-0.7100631371140481,0.7100631371140481,-0.6786852777004243,0.6786852777004243,0.031377859413623796,0.031377859413623796
test_00284,0.8299097418785095,0.9990925788879396,0.995977222919464,0.16918283700943004,0.16918283700943004,0.16606748104095448,0.16606748104095448,-0.003115355968475564,0.003115355968475564
test_00285,0.6207768321037292,0.0006225671386346,0.0008084391010925,-0.6201542649650946,0.6201542649650946,-0.6199683930026367,0.6199683930026367,0.00018587196245790005,0.00018587196245790005
test_00287,0.154510423541069,0.015755046159029,0.0282299201935529,-0.13875537738204,0.13875537738204,-0.12628050334751612,0.12628050334751612,0.012474874034523901,0.012474874034523901
test_00288,0.2620271146297455,0.4048507213592529,0.105953574180603,0.1428236067295074,0.1428236067295074,-0.15607354044914248,0.15607354044914248,-0.2988971471786499,0.2988971471786499
test_00289,0.1129383742809295,4.849820834351704e-05,2.6071946194861084e-05,-0.11288987607258598,0.11288987607258598,-0.11291230233473463,0.11291230233473463,-2.2426262148655958e-05,2.2426262148655958e-05
test_00290,0.8396932482719421,0.7485370635986328,0.6823621988296509,-0.09115618467330933,0.09115618467330933,-0.15733104944229126,0.15733104944229126,-0.06617486476898193,0.06617486476898193
test_00291,0.6994098424911499,0.3214529156684875,0.5665181279182434,-0.3779569268226624,0.3779569268226624,-0.1328917145729065,0.1328917145729065,0.24506521224975591,0.24506521224975591
test_00292,0.1031447276473045,0.0003238616627641,0.0001586666185176,-0.10282086598454039,0.10282086598454039,-0.1029860610287869,0.1029860610287869,-0.0001651950442465,0.0001651950442465
test_00293,0.6408571004867554,0.9140793681144714,0.7199118733406067,0.27322226762771606,0.27322226762771606,0.07905477285385132,0.07905477285385132,-0.19416749477386475,0.19416749477386475
test_00294,0.7055145502090454,0.4225017726421356,0.4243706464767456,-0.2830127775669098,0.2830127775669098,-0.2811439037322998,0.2811439037322998,0.0018688738346099854,0.0018688738346099854
test_00295,0.529773473739624,0.0412555932998657,0.0547073557972908,-0.4885178804397583,0.4885178804397583,-0.4750661179423332,0.4750661179423332,0.0134517624974251,0.0134517624974251
test_00296,0.298716127872467,0.2593313753604889,0.1801604181528091,-0.039384752511978094,0.039384752511978094,-0.1185557097196579,0.1185557097196579,-0.0791709572076798,0.0791709572076798
test_00297,0.3551166355609894,0.0024083391763269,0.0003937149886041,-0.3527082963846625,0.3527082963846625,-0.3547229205723853,0.3547229205723853,-0.0020146241877228,0.0020146241877228
test_00298,0.3077638447284698,0.0081095062196254,0.0053881825879216,-0.2996543385088444,0.2996543385088444,-0.3023756621405482,0.3023756621405482,-0.0027213236317038,0.0027213236317038
test_00299,0.7730321884155273,0.4598271250724792,0.3586121797561645,-0.31320506334304815,0.31320506334304815,-0.41442000865936285,0.41442000865936285,-0.1012149453163147,0.1012149453163147
test_00300,0.9231938123703004,0.9422542452812196,0.9548181295394896,0.01906043291091919,0.01906043291091919,0.03162431716918923,0.03162431716918923,0.012563884258270042,0.012563884258270042
test_00301,0.161247581243515,0.000128783067339,6.824535375926644e-05,-0.161118798176176,0.161118798176176,-0.16117933588975572,0.16117933588975572,-6.053771357973357e-05,6.053771357973357e-05
test_00302,0.226874828338623,0.0011936550727114,0.0006498892907984,-0.22568117326591158,0.22568117326591158,-0.2262249390478246,0.2262249390478246,-0.0005437657819129999,0.0005437657819129999
test_00303,0.326457679271698,0.0001514248288003,0.0003093919949606,-0.3263062544428977,0.3263062544428977,-0.3261482872767374,0.3261482872767374,0.00015796716616030002,0.00015796716616030002
test_00304,0.8857128024101257,0.072365291416645,0.0720404088497161,-0.8133475109934807,0.8133475109934807,-0.8136723935604097,0.8136723935604097,-0.0003248825669288913,0.0003248825669288913
test_00305,0.0330905690789222,0.0041598668321967,0.0035084376577287,-0.028930702246725504,0.028930702246725504,-0.0295821314211935,0.0295821314211935,-0.0006514291744680002,0.0006514291744680002
test_00306,0.7280189394950867,0.2236183732748031,0.222491517663002,-0.5044005662202835,0.5044005662202835,-0.5055274218320847,0.5055274218320847,-0.0011268556118011197,0.0011268556118011197
test_00307,0.4319082498550415,0.0259669069200754,0.0144168501719832,-0.4059413429349661,0.4059413429349661,-0.4174913996830583,0.4174913996830583,-0.011550056748092199,0.011550056748092199
test_00308,0.9171363711357116,0.2530092000961303,0.3938296437263489,-0.6641271710395813,0.6641271710395813,-0.5233067274093627,0.5233067274093627,0.14082044363021856,0.14082044363021856
test_00309,0.1255417466163635,5.447414150694385e-05,2.698139360290952e-05,-0.12548727247485655,0.12548727247485655,-0.1255147652227606,0.1255147652227606,-2.749274790403433e-05,2.749274790403433e-05
test_00310,0.9904581308364868,0.9919103980064392,0.995400607585907,0.0014522671699523926,0.0014522671699523926,0.004942476749420166,0.004942476749420166,0.0034902095794677734,0.0034902095794677734
test_00311,0.0069600571878254,0.0020120809786021,0.0007409442914649,-0.0049479762092233,0.0049479762092233,-0.0062191128963604994,0.0062191128963604994,-0.0012711366871372,0.0012711366871372
test_00312,0.1147883385419845,0.0002941203129012,4.164583879173733e-05,-0.1144942182290833,0.1144942182290833,-0.11474669270319277,0.11474669270319277,-0.00025247447410946266,0.00025247447410946266
test_00313,0.4756340980529785,0.0878999605774879,0.0698927119374275,-0.3877341374754906,0.3877341374754906,-0.405741386115551,0.405741386115551,-0.018007248640060397,0.018007248640060397
test_00314,0.5997841954231262,0.097824327647686,0.0085541969165205,-0.5019598677754402,0.5019598677754402,-0.5912299985066057,0.5912299985066057,-0.0892701307311655,0.0892701307311655
test_00315,0.1768679916858673,0.0742384791374206,0.311454564332962,-0.10262951254844671,0.10262951254844671,0.13458657264709467,0.13458657264709467,0.23721608519554138,0.23721608519554138
test_00316,0.7831783890724182,0.1268434077501297,0.1898611634969711,-0.6563349813222885,0.6563349813222885,-0.5933172255754471,0.5933172255754471,0.0630177557468414,0.0630177557468414
test_00317,0.6870939135551453,0.328898936510086,0.1252811700105667,-0.35819497704505926,0.35819497704505926,-0.5618127435445786,0.5618127435445786,-0.2036177664995193,0.2036177664995193
test_00318,0.5341539978981018,0.926596224308014,0.7954343557357788,0.3924422264099122,0.3924422264099122,0.261280357837677,0.261280357837677,-0.13116186857223522,0.13116186857223522
test_00319,0.9664613604545592,0.997789978981018,0.9937886595726012,0.03132861852645874,0.03132861852645874,0.027327299118041992,0.027327299118041992,-0.004001319408416748,0.004001319408416748
test_00320,0.3856224715709686,0.0410931892693042,0.0127638261765241,-0.34452928230166435,0.34452928230166435,-0.37285864539444447,0.37285864539444447,-0.0283293630927801,0.0283293630927801
test_00321,0.9224122762680054,0.7653262615203857,0.4430884718894958,-0.15708601474761963,0.15708601474761963,-0.4793238043785096,0.4793238043785096,-0.32223778963088995,0.32223778963088995
test_00322,0.0680421441793441,0.0001137837898568,5.832640817970969e-05,-0.0679283603894873,0.0679283603894873,-0.06798381777116438,0.06798381777116438,-5.545738167709032e-05,5.545738167709032e-05
test_00323,0.7847453951835632,0.6130236983299255,0.5486592650413513,-0.1717216968536377,0.1717216968536377,-0.23608613014221191,0.23608613014221191,-0.06436443328857422,0.06436443328857422
test_00324,0.6729345917701721,0.2562829256057739,0.3053734600543976,-0.4166516661643982,0.4166516661643982,-0.36756113171577454,0.36756113171577454,0.04909053444862366,0.04909053444862366
test_00325,0.2084807008504867,0.0047078430652618,0.0010991875315085,-0.2037728577852249,0.2037728577852249,-0.2073815133189782,0.2073815133189782,-0.0036086555337533,0.0036086555337533
test_00326,0.5511731505393982,0.4038549065589905,0.3694542944431305,-0.14731824398040771,0.14731824398040771,-0.1817188560962677,0.1817188560962677,-0.034400612115859985,0.034400612115859985
test_00327,0.4158208966255188,0.0046386965550482,0.0023430164437741,-0.41118220007047057,0.41118220007047057,-0.4134778801817447,0.4134778801817447,-0.0022956801112741,0.0022956801112741
test_00328,0.8593080639839172,0.9626034498214722,0.9473502039909364,0.10329538583755493,0.10329538583755493,0.08804214000701915,0.08804214000701915,-0.015253245830535778,0.015253245830535778
test_00329,0.1908247321844101,0.0448180809617042,0.0157423838973045,-0.1460066512227059,0.1460066512227059,-0.1750823482871056,0.1750823482871056,-0.0290756970643997,0.0290756970643997
test_00330,0.5304820537567139,0.0023681879974901,0.004319516941905,-0.5281138657592238,0.5281138657592238,-0.5261625368148088,0.5261625368148088,0.0019513289444149,0.0019513289444149
test_00331,0.2235127091407776,0.0002078331453958,0.0003227668348699,-0.2233048759953818,0.2233048759953818,-0.2231899423059077,0.2231899423059077,0.0001149336894741,0.0001149336894741
test_00332,0.019714156165719,0.0028479492757469,0.0013903003418818,-0.0168662068899721,0.0168662068899721,-0.0183238558238372,0.0183238558238372,-0.0014576489338651,0.0014576489338651
test_00333,0.6055307388305664,0.2697847485542297,0.1234765797853469,-0.3357459902763367,0.3357459902763367,-0.48205415904521953,0.48205415904521953,-0.14630816876888278,0.14630816876888278
test_00334,0.7162384390830994,0.1358329802751541,0.0569288171827793,-0.5804054588079453,0.5804054588079453,-0.65930962190032,0.65930962190032,-0.07890416309237482,0.07890416309237482
test_00335,0.8913780450820923,0.986055076122284,0.9454156756401062,0.09467703104019176,0.09467703104019176,0.054037630558013916,0.054037630558013916,-0.040639400482177845,0.040639400482177845
test_00336,0.539681613445282,0.1624388098716735,0.0146459387615323,-0.3772428035736085,0.3772428035736085,-0.5250356746837497,0.5250356746837497,-0.1477928711101412,0.1477928711101412
test_00337,0.4390253126621246,0.6062123775482178,0.6710091829299927,0.1671870648860932,0.1671870648860932,0.2319838702678681,0.2319838702678681,0.0647968053817749,0.0647968053817749
test_00338,0.0921004191040992,0.1609046757221222,0.0412206202745437,0.06880425661802299,0.06880425661802299,-0.050879798829555505,0.050879798829555505,-0.11968405544757849,0.11968405544757849
test_00339,0.0454618744552135,0.0009029507637023,0.0007289675995707,-0.044558923691511196,0.044558923691511196,-0.044732906855642796,0.044732906855642796,-0.00017398316413159997,0.00017398316413159997
test_00340,0.5089220404624939,0.0089498274028301,0.0031664504203945,-0.4999722130596638,0.4999722130596638,-0.5057555900420994,0.5057555900420994,-0.0057833769824356,0.0057833769824356
test_00341,0.9880550503730774,0.596699595451355,0.5640056133270264,-0.3913554549217224,0.3913554549217224,-0.424049437046051,0.424049437046051,-0.03269398212432861,0.03269398212432861
test_00342,0.0281906519085168,0.0003470513911452,0.0002352894516661,-0.0278436005173716,0.0278436005173716,-0.0279553624568507,0.0279553624568507,-0.00011176193947910003,0.00011176193947910003
test_00343,0.7506251335144043,0.0349479131400585,0.0237171147018671,-0.7156772203743458,0.7156772203743458,-0.7269080188125372,0.7269080188125372,-0.011230798438191397,0.011230798438191397
test_00344,0.1129442304372787,0.0093531450256705,0.0029226061888039,-0.1035910854116082,0.1035910854116082,-0.11002162424847481,0.11002162424847481,-0.006430538836866601,0.006430538836866601
test_00345,0.1157047301530838,0.0035458409693092,0.0033595657441765,-0.1121588891837746,0.1121588891837746,-0.1123451644089073,0.1123451644089073,-0.00018627522513269988,0.00018627522513269988
test_00346,0.3638323247432709,7.114086474757642e-05,5.67004426557105e-05,-0.3637611838785233,0.3637611838785233,-0.36377562430061516,0.36377562430061516,-1.4440422091865919e-05,1.4440422091865919e-05
test_00347,0.7497310042381287,0.064645268023014,0.045254860073328,-0.6850857362151147,0.6850857362151147,-0.7044761441648006,0.7044761441648006,-0.019390407949686002,0.019390407949686002
test_00348,0.8897981643676758,0.0013909401604905,0.0005040506948716,-0.8884072242071853,0.8884072242071853,-0.8892941136728042,0.8892941136728042,-0.0008868894656189001,0.0008868894656189001
test_00349,0.3922873735427856,0.0571525916457176,0.081226609647274,-0.33513478189706797,0.33513478189706797,-0.31106076389551157,0.31106076389551157,0.024074018001556403,0.024074018001556403
test_00350,0.3191542625427246,0.0738692060112953,0.024496266618371,-0.2452850565314293,0.2452850565314293,-0.2946579959243536,0.2946579959243536,-0.04937293939292431,0.04937293939292431
test_00351,0.1649868935346603,0.0026552053168416,0.0008133581141009,-0.1623316882178187,0.1623316882178187,-0.1641735354205594,0.1641735354205594,-0.0018418472027407003,0.0018418472027407003
test_00352,0.296716570854187,0.0001158908271463,0.0001041120194713,-0.2966006800270407,0.2966006800270407,-0.2966124588347157,0.2966124588347157,-1.1778807674999996e-05,1.1778807674999996e-05
test_00353,0.3647888898849487,0.0016437224112451,0.0007106727571226,-0.36314516747370357,0.36314516747370357,-0.36407821712782606,0.36407821712782606,-0.0009330496541225,0.0009330496541225
test_00354,0.8592639565467834,0.448792427778244,0.2941845655441284,-0.41047152876853943,0.41047152876853943,-0.565079391002655,0.565079391002655,-0.1546078622341156,0.1546078622341156
test_00355,0.1799617260694503,0.0289995707571506,0.0355867110192775,-0.1509621553122997,0.1509621553122997,-0.1443750150501728,0.1443750150501728,0.006587140262126902,0.006587140262126902
test_00356,0.5259496569633484,0.0023504539858549,0.0011041513644158,-0.5235992029774935,0.5235992029774935,-0.5248455055989326,0.5248455055989326,-0.0012463026214391,0.0012463026214391
test_00357,0.883184015750885,0.3530155718326568,0.6775228977203369,-0.5301684439182281,0.5301684439182281,-0.2056611180305481,0.2056611180305481,0.3245073258876801,0.3245073258876801
test_00358,0.7716066837310791,0.4530730843544006,0.1607061326503753,-0.3185335993766785,0.3185335993766785,-0.6109005510807037,0.6109005510807037,-0.29236695170402527,0.29236695170402527
test_00359,0.5036317706108093,0.0011434664484113,0.0004760110750794,-0.502488304162398,0.502488304162398,-0.5031557595357299,0.5031557595357299,-0.0006674553733319,0.0006674553733319
test_00360,0.537859320640564,0.0023711381945759,0.0003452259115874,-0.5354881824459881,0.5354881824459881,-0.5375140947289766,0.5375140947289766,-0.0020259122829885,0.0020259122829885
test_00361,0.0540550015866756,0.0067978538572788,0.0030704909004271,-0.047257147729396806,0.047257147729396806,-0.0509845106862485,0.0509845106862485,-0.0037273629568516996,0.0037273629568516996
test_00362,0.900398850440979,0.9286128282546996,0.7783083319664001,0.028213977813720592,0.028213977813720592,-0.12209051847457886,0.12209051847457886,-0.15030449628829945,0.15030449628829945
test_00363,0.8946530818939209,0.9757149815559388,0.9492591619491576,0.08106189966201793,0.08106189966201793,0.054606080055236705,0.054606080055236705,-0.026455819606781228,0.026455819606781228
test_00364,0.1156823560595512,0.0056835589930415,0.0014850050210952,-0.1099987970665097,0.1099987970665097,-0.11419735103845599,0.11419735103845599,-0.0041985539719463,0.0041985539719463
test_00365,0.4706101715564728,0.0333128273487091,0.2020556032657623,-0.43729734420776367,0.43729734420776367,-0.26855456829071045,0.26855456829071045,0.1687427759170532,0.1687427759170532
test_00366,0.8836621046066284,0.8347904682159424,0.8764486312866211,-0.048871636390686035,0.048871636390686035,-0.007213473320007324,0.007213473320007324,0.04165816307067871,0.04165816307067871
test_00367,0.0161063577979803,0.0001323379547102,0.0001019642513711,-0.015974019843270102,0.015974019843270102,-0.0160043935466092,0.0160043935466092,-3.0373703339100003e-05,3.0373703339100003e-05
test_00368,0.7916354537010193,0.6978309154510498,0.1316404491662979,-0.09380453824996948,0.09380453824996948,-0.6599950045347214,0.6599950045347214,-0.5661904662847519,0.5661904662847519
test_00369,0.0038426276296377,0.025436770170927,0.0263549350202083,0.0215941425412893,0.0215941425412893,0.0225123073905706,0.0225123073905706,0.0009181648492813006,0.0009181648492813006
test_00370,0.3743571937084198,0.1256019920110702,0.0300202127546072,-0.2487552016973496,0.2487552016973496,-0.3443369809538126,0.3443369809538126,-0.095581779256463,0.095581779256463
test_00371,0.0718394517898559,0.0003915808920282,0.000172951753484,-0.0714478708978277,0.0714478708978277,-0.0716665000363719,0.0716665000363719,-0.00021862913854419998,0.00021862913854419998
test_00372,0.8884746432304382,0.9904155731201172,0.9820958375930786,0.10194092988967896,0.10194092988967896,0.09362119436264038,0.09362119436264038,-0.008319735527038574,0.008319735527038574
test_00373,0.8496919870376587,0.0579927302896976,0.0279379989951849,-0.791699256747961,0.791699256747961,-0.8217539880424738,0.8217539880424738,-0.0300547312945127,0.0300547312945127
test_00374,0.1812801510095596,0.0508998669683933,0.0238796565681695,-0.1303802840411663,0.1303802840411663,-0.1574004944413901,0.1574004944413901,-0.027020210400223798,0.027020210400223798
test_00375,0.1006041020154953,0.0185111742466688,0.010908618569374,-0.0820929277688265,0.0820929277688265,-0.0896954834461213,0.0896954834461213,-0.007602555677294799,0.007602555677294799
test_00376,0.0976641997694969,0.1514536738395691,0.2247759252786636,0.05378947407007219,0.05378947407007219,0.12711172550916672,0.12711172550916672,0.07332225143909452,0.07332225143909452
test_00377,0.6719670295715332,0.019654456526041,0.0242473799735307,-0.6523125730454922,0.6523125730454922,-0.6477196495980025,0.6477196495980025,0.0045929234474897,0.0045929234474897
test_00378,0.7531618475914001,0.1805914491415023,0.0305250044912099,-0.5725703984498979,0.5725703984498979,-0.7226368431001903,0.7226368431001903,-0.1500664446502924,0.1500664446502924
test_00379,0.4179112911224365,0.0002586877380963,7.29953681002371e-05,-0.41765260338434024,0.41765260338434024,-0.4178382957543363,0.4178382957543363,-0.00018569236999606292,0.00018569236999606292
test_00380,0.2042851150035858,0.009188218973577,0.015578769147396,-0.1950968960300088,0.1950968960300088,-0.18870634585618978,0.18870634585618978,0.006390550173818999,0.006390550173818999
test_00381,0.2873869240283966,0.7672715187072754,0.5979392528533936,0.4798845946788788,0.4798845946788788,0.31055232882499695,0.31055232882499695,-0.16933226585388184,0.16933226585388184
test_00382,0.0060319355688989,0.0174148939549922,0.0128773674368858,0.011382958386093302,0.011382958386093302,0.006845431867986901,0.006845431867986901,-0.0045375265181064,0.0045375265181064
test_00383,0.9164239764213562,0.8770296573638916,0.5391444563865662,-0.0393943190574646,0.0393943190574646,-0.37727952003479004,0.37727952003479004,-0.33788520097732544,0.33788520097732544
test_00384,0.5691310167312622,0.0476043596863746,0.0380450598895549,-0.5215266570448877,0.5215266570448877,-0.5310859568417073,0.5310859568417073,-0.0095592997968197,0.0095592997968197
test_00385,0.7029472589492798,0.823554515838623,0.7658684253692627,0.12060725688934326,0.12060725688934326,0.06292116641998291,0.06292116641998291,-0.05768609046936035,0.05768609046936035
test_00386,0.6477051973342896,0.0800164863467216,0.0790348872542381,-0.5676887109875679,0.5676887109875679,-0.5686703100800514,0.5686703100800514,-0.0009815990924834928,0.0009815990924834928
test_00387,0.6653194427490234,0.5675793290138245,0.521503746509552,-0.09774011373519897,0.09774011373519897,-0.14381569623947144,0.14381569623947144,-0.04607558250427246,0.04607558250427246
test_00388,0.1057009324431419,0.0018914695829153,0.0012033759849146,-0.10380946286022659,0.10380946286022659,-0.1044975564582273,0.1044975564582273,-0.0006880935980007,0.0006880935980007
test_00389,0.5524973273277283,0.4989346265792846,0.5369911193847656,-0.05356270074844366,0.05356270074844366,-0.015506207942962646,0.015506207942962646,0.03805649280548101,0.03805649280548101
test_00390,0.6495285630226135,0.1895623654127121,0.0556987263262271,-0.45996619760990143,0.45996619760990143,-0.5938298366963864,0.5938298366963864,-0.133863639086485,0.133863639086485
test_00391,0.8731349110603333,0.6976800560951233,0.6637895107269287,-0.17545485496520996,0.17545485496520996,-0.20934540033340454,0.20934540033340454,-0.03389054536819458,0.03389054536819458
test_00392,0.9030216336250304,0.9654264450073242,0.979228973388672,0.06240481138229381,0.06240481138229381,0.07620733976364158,0.07620733976364158,0.013802528381347767,0.013802528381347767
test_00393,0.5705095529556274,0.015587787143886,0.0187890008091926,-0.5549217658117415,0.5549217658117415,-0.5517205521464349,0.5517205521464349,0.0032012136653065976,0.0032012136653065976
test_00394,0.0446470379829406,0.0003788140893448,0.000324602908222,-0.0442682238935958,0.0442682238935958,-0.0443224350747186,0.0443224350747186,-5.42111811228e-05,5.42111811228e-05
test_00395,0.869395911693573,0.6844643354415894,0.5834673643112183,-0.18493157625198364,0.18493157625198364,-0.28592854738235474,0.28592854738235474,-0.1009969711303711,0.1009969711303711
test_00396,0.9742451310157776,0.0792430788278579,0.229028582572937,-0.8950020521879197,0.8950020521879197,-0.7452165484428406,0.7452165484428406,0.1497855037450791,0.1497855037450791
test_00397,0.8724210858345032,0.0655621737241745,0.0039560855366289,-0.8068589121103287,0.8068589121103287,-0.8684650002978743,0.8684650002978743,-0.0616060881875456,0.0616060881875456
test_00398,0.6686012148857117,0.034671165049076,0.0271777920424938,-0.6339300498366357,0.6339300498366357,-0.6414234228432178,0.6414234228432178,-0.007493373006582198,0.007493373006582198
test_00399,0.3826020956039428,0.0182191114872694,0.0027391659095883,-0.3643829841166734,0.3643829841166734,-0.37986292969435453,0.37986292969435453,-0.015479945577681101,0.015479945577681101
test_00400,0.4736538231372833,0.0263246167451143,0.0111921960487961,-0.447329206392169,0.447329206392169,-0.4624616270884872,0.4624616270884872,-0.015132420696318198,0.015132420696318198
test_00401,0.1146685034036636,0.0019981635268777,0.000157125541591,-0.11267033987678589,0.11267033987678589,-0.11451137786207259,0.11451137786207259,-0.0018410379852867001,0.0018410379852867001
test_00402,0.5811731219291687,0.0015785890864208,0.0006798973190598,-0.5795945328427479,0.5795945328427479,-0.5804932246101089,0.5804932246101089,-0.000898691767361,0.000898691767361
test_00403,0.8867039680480957,0.906465232372284,0.5630910396575928,0.019761264324188343,0.019761264324188343,-0.32361292839050293,0.32361292839050293,-0.3433741927146913,0.3433741927146913
test_00404,0.0373223833739757,0.2615238130092621,0.1063415482640266,0.2242014296352864,0.2242014296352864,0.0690191648900509,0.0690191648900509,-0.1551822647452355,0.1551822647452355
test_00405,0.9004828929901123,0.2423985451459884,0.125585064291954,-0.6580843478441238,0.6580843478441238,-0.7748978286981583,0.7748978286981583,-0.1168134808540344,0.1168134808540344
test_00406,0.0991211161017417,0.0021152726840227,0.002945140004158,-0.09700584341771899,0.09700584341771899,-0.09617597609758369,0.09617597609758369,0.0008298673201353,0.0008298673201353
test_00407,0.910447359085083,0.7938604950904846,0.7047024965286255,-0.11658686399459839,0.11658686399459839,-0.20574486255645752,0.20574486255645752,-0.08915799856185913,0.08915799856185913
test_00408,0.3751465678215027,0.0527613312005996,0.2410888671875,-0.32238523662090307,0.32238523662090307,-0.13405770063400269,0.13405770063400269,0.18832753598690039,0.18832753598690039
test_00409,0.4023969769477844,0.9205032587051392,0.7986546158790588,0.5181062817573547,0.5181062817573547,0.3962576389312744,0.3962576389312744,-0.12184864282608032,0.12184864282608032
test_00410,0.7577008605003357,0.1723277121782302,0.176789715886116,-0.5853731483221055,0.5853731483221055,-0.5809111446142197,0.5809111446142197,0.004462003707885798,0.004462003707885798
test_00411,0.5660324692726135,0.0494134649634361,0.0298155359923839,-0.5166190043091774,0.5166190043091774,-0.5362169332802296,0.5362169332802296,-0.019597928971052198,0.019597928971052198
test_00412,0.7975221276283264,0.2564094960689544,0.0469299182295799,-0.541112631559372,0.541112631559372,-0.7505922093987465,0.7505922093987465,-0.20947957783937451,0.20947957783937451
test_00413,0.13710318505764,0.0222281888127326,0.0885876938700676,-0.11487499624490739,0.11487499624490739,-0.048515491187572396,0.048515491187572396,0.066359505057335,0.066359505057335
test_00414,0.5616024732589722,0.0024183413479477,0.0015942058525979,-0.5591841319110245,0.5591841319110245,-0.5600082674063742,0.5600082674063742,-0.0008241354953497997,0.0008241354953497997
test_00415,0.6014131307601929,0.0661673247814178,0.0217557065188884,-0.535245805978775,0.535245805978775,-0.5796574242413045,0.5796574242413045,-0.0444116182625294,0.0444116182625294
test_00416,0.6262186169624329,0.0188678056001663,0.0195071641355752,-0.6073508113622665,0.6073508113622665,-0.6067114528268577,0.6067114528268577,0.0006393585354089008,0.0006393585354089008
test_00417,0.7387401461601257,0.0056163500994443,0.0023878715001046,-0.7331237960606815,0.7331237960606815,-0.7363522746600212,0.7363522746600212,-0.0032284785993397,0.0032284785993397
test_00418,0.9094521999359132,0.6802971363067627,0.1435841172933578,-0.2291550636291505,0.2291550636291505,-0.7658680826425555,0.7658680826425555,-0.5367130190134048,0.5367130190134048
test_00419,0.0593744292855262,0.4640294015407562,0.2196730524301529,0.40465497225523,0.40465497225523,0.1602986231446267,0.1602986231446267,-0.24435634911060333,0.24435634911060333
test_00420,0.1786764562129974,0.1390164047479629,0.0628422498703002,-0.03966005146503451,0.03966005146503451,-0.11583420634269721,0.11583420634269721,-0.0761741548776627,0.0761741548776627
test_00421,0.5365974307060242,9.555429642205128e-06,1.4310961887531448e-05,-0.536587875276382,0.536587875276382,-0.5365831197441366,0.5365831197441366,4.75553224532632e-06,4.75553224532632e-06
test_00422,0.729118824005127,0.0931428596377372,0.0147841712459921,-0.6359759643673898,0.6359759643673898,-0.7143346527591349,0.7143346527591349,-0.0783586883917451,0.0783586883917451
test_00423,0.0926469415426254,0.0019717998802661,0.0012630376731976,-0.0906751416623593,0.0906751416623593,-0.0913839038694278,0.0913839038694278,-0.0007087622070684999,0.0007087622070684999
test_00424,0.001516540069133,0.0007748733041808,0.0002481179253663,-0.0007416667649521999,0.0007416667649521999,-0.0012684221437666999,0.0012684221437666999,-0.0005267553788145,0.0005267553788145
test_00425,0.2921517789363861,0.4127450883388519,0.5848367810249329,0.12059330940246576,0.12059330940246576,0.29268500208854675,0.29268500208854675,0.172091692686081,0.172091692686081
test_00426,0.7986742854118347,0.7112137675285339,0.4684427678585052,-0.08746051788330078,0.08746051788330078,-0.3302315175533295,0.3302315175533295,-0.24277099967002874,0.24277099967002874
test_00427,0.3719976842403412,0.0135576976463198,0.0115399900823831,-0.3584399865940214,0.3584399865940214,-0.3604576941579581,0.3604576941579581,-0.0020177075639367,0.0020177075639367
test_00428,0.8607848882675171,0.9889995455741882,0.9482346177101136,0.12821465730667114,0.12821465730667114,0.08744972944259655,0.08744972944259655,-0.040764927864074596,0.040764927864074596
test_00429,0.4433655142784118,0.0111363139003515,0.0431960821151733,-0.4322292003780603,0.4322292003780603,-0.4001694321632385,0.4001694321632385,0.0320597682148218,0.0320597682148218
test_00430,0.7172071933746338,0.8089025020599365,0.5554379224777222,0.09169530868530273,0.09169530868530273,-0.16176927089691162,0.16176927089691162,-0.25346457958221436,0.25346457958221436
test_00431,0.00924170948565,6.000838766340166e-06,4.094726591574727e-06,-0.00923570864688366,0.00923570864688366,-0.009237614759058425,0.009237614759058425,-1.9061121747654397e-06,1.9061121747654397e-06
test_00432,0.6350063681602478,0.4535530805587768,0.4788345396518707,-0.181453287601471,0.181453287601471,-0.15617182850837708,0.15617182850837708,0.025281459093093928,0.025281459093093928
test_00433,0.7782447934150696,0.9028502106666564,0.906497061252594,0.1246054172515868,0.1246054172515868,0.12825226783752441,0.12825226783752441,0.003646850585937611,0.003646850585937611
test_00434,0.0770890638232231,0.0017869650619104,0.0010729867499321,-0.0753020987613127,0.0753020987613127,-0.076016077073291,0.076016077073291,-0.0007139783119782998,0.0007139783119782998
test_00435,0.9082779288291932,0.9619603753089904,0.952101469039917,0.05368244647979714,0.05368244647979714,0.043823540210723766,0.043823540210723766,-0.009858906269073375,0.009858906269073375
test_00436,0.9964726567268372,0.9951441287994384,0.9961342811584472,-0.0013285279273987927,0.0013285279273987927,-0.0003383755683900036,0.0003383755683900036,0.000990152359008789,0.000990152359008789
test_00437,0.1167589649558067,0.0333047360181808,0.0470890626311302,-0.08345422893762591,0.08345422893762591,-0.06966990232467651,0.06966990232467651,0.013784326612949399,0.013784326612949399
test_00438,0.1322465240955352,0.2737546861171722,0.2578810751438141,0.141508162021637,0.141508162021637,0.1256345510482789,0.1256345510482789,-0.0158736109733581,0.0158736109733581
test_00439,0.0263983719050884,0.063324362039566,0.0416329801082611,0.0369259901344776,0.0369259901344776,0.015234608203172701,0.015234608203172701,-0.021691381931304897,0.021691381931304897
test_00440,0.3545685112476349,0.44190314412117,0.3195452094078064,0.0873346328735351,0.0873346328735351,-0.03502330183982849,0.03502330183982849,-0.12235793471336359,0.12235793471336359
test_00441,0.6984949111938477,0.091281846165657,0.073709487915039,-0.6072130650281906,0.6072130650281906,-0.6247854232788087,0.6247854232788087,-0.01757235825061801,0.01757235825061801
test_00442,0.9050632119178772,0.951303243637085,0.7727760672569275,0.046240031719207764,0.046240031719207764,-0.1322871446609497,0.1322871446609497,-0.17852717638015747,0.17852717638015747
test_00443,0.2424509823322296,0.0124322716146707,0.0034369195345789,-0.2300187107175589,0.2300187107175589,-0.2390140627976507,0.2390140627976507,-0.0089953520800918,0.0089953520800918
test_00444,0.8029374480247498,0.2759442627429962,0.1877080798149109,-0.5269931852817535,0.5269931852817535,-0.6152293682098389,0.6152293682098389,-0.08823618292808533,0.08823618292808533
test_00445,0.0332497470080852,2.528419372538337e-06,3.420914538310172e-07,-0.033247218588712664,0.033247218588712664,-0.03324940491663137,0.03324940491663137,-2.18632791870732e-06,2.18632791870732e-06
test_00446,0.1956074386835098,0.0006584058864973,0.0002276116720167,-0.1949490327970125,0.1949490327970125,-0.1953798270114931,0.1953798270114931,-0.00043079421448059997,0.00043079421448059997
test_00447,0.3696692883968353,0.6852287650108337,0.5902590751647949,0.3155594766139984,0.3155594766139984,0.2205897867679596,0.2205897867679596,-0.09496968984603882,0.09496968984603882
test_00448,0.9285503029823304,0.9919831156730652,0.9659964442253112,0.06343281269073475,0.06343281269073475,0.037446141242980735,0.037446141242980735,-0.025986671447754017,0.025986671447754017
test_00449,0.4005899131298065,0.9809861779212952,0.9016048312187196,0.5803962647914886,0.5803962647914886,0.5010149180889131,0.5010149180889131,-0.07938134670257557,0.07938134670257557
test_00450,0.9382885098457336,0.7109626531600952,0.6169939637184143,-0.22732585668563843,0.22732585668563843,-0.32129454612731934,0.32129454612731934,-0.09396868944168091,0.09396868944168091
test_00451,0.6125974655151367,0.0049501624889671,0.0074293292127549,-0.6076473030261696,0.6076473030261696,-0.6051681363023819,0.6051681363023819,0.0024791667237878,0.0024791667237878
test_00452,0.903387725353241,0.9722762703895568,0.9725791811943054,0.06888854503631581,0.06888854503631581,0.06919145584106445,0.06919145584106445,0.0003029108047486462,0.0003029108047486462
test_00453,0.1908096671104431,0.0008790444699116,0.000943397230003,-0.18993062264053148,0.18993062264053148,-0.1898662698804401,0.1898662698804401,6.435276009140003e-05,6.435276009140003e-05
test_00454,0.2535077929496765,0.0012518013827502,0.0009623189689591,-0.2522559915669263,0.2522559915669263,-0.2525454739807174,0.2525454739807174,-0.0002894824137910999,0.0002894824137910999
test_00455,0.5835411548614502,0.0291005764156579,0.0107323629781603,-0.5544405784457923,0.5544405784457923,-0.5728087918832899,0.5728087918832899,-0.018368213437497602,0.018368213437497602
test_00456,0.9799545407295228,0.995680332183838,0.9967408776283264,0.015725791454315186,0.015725791454315186,0.0167863368988036,0.0167863368988036,0.0010605454444884144,0.0010605454444884144
test_00457,0.4303188920021057,0.000319386832416,0.0001660872512729,-0.4299995051696897,0.4299995051696897,-0.43015280475083284,0.43015280475083284,-0.0001532995811431,0.0001532995811431
test_00458,0.1091185212135315,0.0068200905807316,0.0029765153303742,-0.10229843063279989,0.10229843063279989,-0.1061420058831573,0.1061420058831573,-0.0038435752503574,0.0038435752503574
test_00459,0.5551046133041382,0.1477270126342773,0.0622310116887092,-0.4073776006698609,0.4073776006698609,-0.492873601615429,0.492873601615429,-0.08549600094556808,0.08549600094556808
test_00460,0.2522695064544678,0.0242288075387477,0.052755206823349,-0.22804069891572007,0.22804069891572007,-0.19951429963111877,0.19951429963111877,0.0285263992846013,0.0285263992846013
test_00461,0.0473679192364215,0.0027603304479271,0.0011713565327227,-0.0446075887884944,0.0446075887884944,-0.046196562703698804,0.046196562703698804,-0.0015889739152044,0.0015889739152044
test_00462,0.7705733776092529,0.8315767049789429,0.6975972652435303,0.06100332736968994,0.06100332736968994,-0.07297611236572266,0.07297611236572266,-0.1339794397354126,0.1339794397354126
test_00463,0.3455822169780731,0.2943103909492492,0.2446145117282867,-0.05127182602882391,0.05127182602882391,-0.10096770524978643,0.10096770524978643,-0.049695879220962524,0.049695879220962524
test_00464,0.143610268831253,0.0031639991793781,0.0009454317623749,-0.1404462696518749,0.1404462696518749,-0.1426648370688781,0.1426648370688781,-0.0022185674170031996,0.0022185674170031996
test_00465,0.7361448407173157,0.8468137979507446,0.8278282284736633,0.11066895723342896,0.11066895723342896,0.09168338775634766,0.09168338775634766,-0.0189855694770813,0.0189855694770813
test_00466,0.2449909746646881,0.0005580739234574,0.0013555185869336,-0.2444329007412307,0.2444329007412307,-0.2436354560777545,0.2436354560777545,0.0007974446634762,0.0007974446634762
test_00467,0.3458937406539917,0.0001346321805613,1.8145905414712612e-05,-0.3457591084734304,0.3457591084734304,-0.345875594748577,0.345875594748577,-0.00011648627514658738,0.00011648627514658738
test_00468,0.5794615745544434,0.7053517699241638,0.7510805130004883,0.12589019536972046,0.12589019536972046,0.17161893844604492,0.17161893844604492,0.04572874307632446,0.04572874307632446
test_00469,0.0021090642549097,0.0001618527603568,7.522589294239879e-05,-0.0019472114945529,0.0019472114945529,-0.0020338383619673012,0.0020338383619673012,-8.66268674144012e-05,8.66268674144012e-05
